/*Removing tables contents*/
delete from schedules;
delete from tasks;
delete from expenses;
delete from notes;
delete from messages;
delete from member_groups;
delete from members;
delete from groups;
delete from login;

/*login table*/
insert into login(username,password) values('Vijay','Password');
insert into login(username,password) values('Akash','password');
insert into login(username,password) values('Siddharth','123456');
insert into login(username,password) values('Sandeep','12345678');
insert into login(username,password) values('Raja','1234');
insert into login(username,password) values('Nithin','qwerty');
insert into login(username,password) values('Zachery','12345');
insert into login(username,password) values('Zachary','dragon');
insert into login(username,password) values('Zachariah','oliver');
insert into login(username,password) values('Yousuf','baseball');
insert into login(username,password) values('Yisi','football');
insert into login(username,password) values('Xianxin','letmein');
insert into login(username,password) values('Warren','monkey');
insert into login(username,password) values('Vijay','jasper');
insert into login(username,password) values('Victoria','abc123');
insert into login(username,password) values('Turner','mustang');
insert into login(username,password) values('Tristan','michael');
insert into login(username,password) values('Trey','shadow');
insert into login(username,password) values('Traci','master');
insert into login(username,password) values('Tom','jennifer');
insert into login(username,password) values('Ting','111111');
insert into login(username,password) values('Timothy','2000');
insert into login(username,password) values('Theresa','jordan');
insert into login(username,password) values('Theodora','superman');
insert into login(username,password) values('Tara','harley');
insert into login(username,password) values('Tanner','1234567');
insert into login(username,password) values('Sydney','qazwsx');
insert into login(username,password) values('Stephen','victoria');
insert into login(username,password) values('Spencer','mother');
insert into login(username,password) values('Skyler','trustno1');
insert into login(username,password) values('Sixiang','ranger');
insert into login(username,password) values('Shreyas','buster');
insert into login(username,password) values('Shelby','thomas');
insert into login(username,password) values('Shayne','tigger');
insert into login(username,password) values('Shayla','robert');
insert into login(username,password) values('Sharidan','soccer');
insert into login(username,password) values('Sarah','angel');
insert into login(username,password) values('Sara','batman');
insert into login(username,password) values('Samuel','test');
insert into login(username,password) values('Samiullah','pass');
insert into login(username,password) values('Samantha','david');
insert into login(username,password) values('Sam','hockey');
insert into login(username,password) values('Ronald','george');
insert into login(username,password) values('Robert','charlie');
insert into login(username,password) values('Risa','andrew');
insert into login(username,password) values('Rebecca','michelle');
insert into login(username,password) values('Raeann','love');
insert into login(username,password) values('Rachel','sunshine');
insert into login(username,password) values('Quentin','jessica');
insert into login(username,password) values('Qixin','theman');
insert into login(username,password) values('Premiere','winner');
insert into login(username,password) values('Precious-Edna','pepper');
insert into login(username,password) values('Phoenix','daniel');
insert into login(username,password) values('Peter','access');
insert into login(username,password) values('Payton','123456789');
insert into login(username,password) values('Paige','654321');
insert into login(username,password) values('Noe','joshua');
insert into login(username,password) values('Nicole','maggie');
insert into login(username,password) values('Nickalas','starwars');
insert into login(username,password) values('Nicholas','silver');
insert into login(username,password) values('Nathan','william');
insert into login(username,password) values('Natasha','dallas');
insert into login(username,password) values('Natalie','yankees');
insert into login(username,password) values('Narasimha','123123');
insert into login(username,password) values('Myles','ashley');
insert into login(username,password) values('Morgan','debbie');
insert into login(username,password) values('Miranda','hello');
insert into login(username,password) values('Mikayla','amanda');
insert into login(username,password) values('Michael','orange');
insert into login(username,password) values('Merry','biteme');
insert into login(username,password) values('Mercedes','freedom');
insert into login(username,password) values('Menghan','computer');
insert into login(username,password) values('Megan','sandra');
insert into login(username,password) values('Matthew','thunder');
insert into login(username,password) values('Marie','nicole');
insert into login(username,password) values('Maria','maxwell');
insert into login(username,password) values('Manami','heather');
insert into login(username,password) values('Mamerto','hammer');
insert into login(username,password) values('Mallory','summer');
insert into login(username,password) values('Malik','corvette');
insert into login(username,password) values('Madison','taylor');
insert into login(username,password) values('Madina','jaguar');
insert into login(username,password) values('Madeline','austin');
insert into login(username,password) values('Macy','1111');
insert into login(username,password) values('Mackenzie','merlin');
insert into login(username,password) values('Lyssa','matthew');
insert into login(username,password) values('Luke','121212');
insert into login(username,password) values('Louis','golfer');
insert into login(username,password) values('Likitha','cheese');
insert into login(username,password) values('Laura','princess');
insert into login(username,password) values('Landon','martin');
insert into login(username,password) values('Kyla','chelsea');
insert into login(username,password) values('Krystal','patrick');
insert into login(username,password) values('Kori','richard');
insert into login(username,password) values('Kingham','diamond');
insert into login(username,password) values('Kimberly','yellow');
insert into login(username,password) values('Kevin','bigdog');
insert into login(username,password) values('Kelsie','secret');
insert into login(username,password) values('Kelsey','asdfgh');
insert into login(username,password) values('Kaylee','sparky');
insert into login(username,password) values('Kayla','cowboy');
insert into login(username,password) values('Katherine','Password');
insert into login(username,password) values('Katharyn','camaro');
insert into login(username,password) values('Katelyn','anthony');
insert into login(username,password) values('Kasey','matrix');
insert into login(username,password) values('Karrigan','falcon');
insert into login(username,password) values('Karlie','iloveyou');
insert into login(username,password) values('Kaleigh','bailey');
insert into login(username,password) values('Kaci','guitar');
insert into login(username,password) values('Julia','jackson');
insert into login(username,password) values('Joshua','purple');
insert into login(username,password) values('Josephine','scooter');
insert into login(username,password) values('Joseph','phoenix');
insert into login(username,password) values('Jorge','aaaaaa');
insert into login(username,password) values('Jordan','morgan');
insert into login(username,password) values('John','tigers');
insert into login(username,password) values('Jessica','porsche');
insert into login(username,password) values('Jeron','mickey');
insert into login(username,password) values('Jeremy','maverick');
insert into login(username,password) values('Jennifer','cookie');
insert into login(username,password) values('Jennica','nascar');
insert into login(username,password) values('Jenna','peanut');
insert into login(username,password) values('Jason','justin');
insert into login(username,password) values('Jasmine','131313');
insert into login(username,password) values('Jarelle','money');
insert into login(username,password) values('James','lucky');
insert into login(username,password) values('Jahanzib','samantha');
insert into login(username,password) values('Jaelyn','crystal');
insert into login(username,password) values('Jacob','steelers');
insert into login(username,password) values('Jacey','joseph');
insert into login(username,password) values('Jace','snoopy');
insert into login(username,password) values('Isiah','boomer');
insert into login(username,password) values('Isaac','whatever');
insert into login(username,password) values('Holden','iceman');
insert into login(username,password) values('Henry','smokey');
insert into login(username,password) values('Heather','gateway');
insert into login(username,password) values('Haotian','dakota');
insert into login(username,password) values('Hansaka','cowboys');
insert into login(username,password) values('Hannah','eagles');
insert into login(username,password) values('Haley','chicken');
insert into login(username,password) values('Gerald','golden');
insert into login(username,password) values('Gabriela','murphy');
insert into login(username,password) values('Fua','zxcvbn');
insert into login(username,password) values('Francisco','please');
insert into login(username,password) values('Fawaz','andrea');
insert into login(username,password) values('Faith','ferrari');
insert into login(username,password) values('Evette','knight');
insert into login(username,password) values('Ethan','prince');
insert into login(username,password) values('Emma','melissa');
insert into login(username,password) values('Emily','compaq');
insert into login(username,password) values('Emilio','coffee');
insert into login(username,password) values('Elson','booboo');
insert into login(username,password) values('Elizabeth','wilson');
insert into login(username,password) values('Elijah','johnny');
insert into login(username,password) values('Dustin','bulldog');
insert into login(username,password) values('Donovan','angela');
insert into login(username,password) values('Disha','welcome');
insert into login(username,password) values('Dillon','james');
insert into login(username,password) values('DeShonna','player');
insert into login(username,password) values('Derril','ncc1701');
insert into login(username,password) values('Denis','wizard');
insert into login(username,password) values('Debarshi','scooby');
insert into login(username,password) values('DeAngelena','charles');
insert into login(username,password) values('David','junior');
insert into login(username,password) values('Daniel','internet');
insert into login(username,password) values('Damilola','sophie');
insert into login(username,password) values('Dakota','mike');
insert into login(username,password) values('Corben','brandy');
insert into login(username,password) values('Connor','tennis');
insert into login(username,password) values('Cole','sierra');
insert into login(username,password) values('Cierra','winston');
insert into login(username,password) values('Christopher','monster');
insert into login(username,password) values('Christine','spider');
insert into login(username,password) values('Christina','lakers');
insert into login(username,password) values('Chelsey','miller');
insert into login(username,password) values('Chelsea','rabbit');
insert into login(username,password) values('Cecilia','enter');
insert into login(username,password) values('Catherine','mercedes');
insert into login(username,password) values('Cassandra','brandon');
insert into login(username,password) values('Caleb','steven');
insert into login(username,password) values('Brylie','fender');
insert into login(username,password) values('Brooklyn','john');
insert into login(username,password) values('Brooke','yamaha');
insert into login(username,password) values('Brittany','diablo');
insert into login(username,password) values('Bricelis','chris');
insert into login(username,password) values('Brian','boston');
insert into login(username,password) values('Brenda','tiger');
insert into login(username,password) values('Brandon','marine');
insert into login(username,password) values('Brady','chicago');
insert into login(username,password) values('Brad','rangers');
insert into login(username,password) values('Bethany','gandalf');
insert into login(username,password) values('Benton','winter');
insert into login(username,password) values('Benjamin','arsenal');
insert into login(username,password) values('Artem','barney');
insert into login(username,password) values('Anran','edward');
insert into login(username,password) values('Angelica','raiders');
insert into login(username,password) values('Andrew','marlboro');
insert into login(username,password) values('Ana','panther');
insert into login(username,password) values('Amanda','tucker');
insert into login(username,password) values('Alyssa','thx1138');
insert into login(username,password) values('Alvin','bigdaddy');
insert into login(username,password) values('Allison','johnson');
insert into login(username,password) values('Allicia','chester');
insert into login(username,password) values('Allan','london');
insert into login(username,password) values('Alice','midnight');
insert into login(username,password) values('Alexia','blue');
insert into login(username,password) values('Alexandria','fishing');
insert into login(username,password) values('Alan','0');
insert into login(username,password) values('Adrianna','hannah');
insert into login(username,password) values('Adam','slayer');
insert into login(username,password) values('Abby','11111111');
insert into login(username,password) values('Abbigayle','rachel');
insert into login(username,password) values('Aaron','asdf');


/*Member table*/
/*insert into members(member_ID,member_name,Email,phone) values
(concat(rpad('M',5-length(nextval('seq_member_id')::text),'0'),currval('seq_member_id')),'Vijay','vijay@email.com',9876543210),
(concat(rpad('M',5-length(nextval('seq_member_id')::text),'0'),currval('seq_member_id')),'Akash','akash@email.com',9876543211),
(concat(rpad('M',5-length(nextval('seq_member_id')::text),'0'),currval('seq_member_id')),'Siddharth','siddharth@email.com',9876543212),
(concat(rpad('M',5-length(nextval('seq_member_id')::text),'0'),currval('seq_member_id')),'Sandeep','sandeep@email.com',9876543213),
(concat(rpad('M',5-length(nextval('seq_member_id')::text),'0'),currval('seq_member_id')),'Raja','raja@email.com',9876543214),
(concat(rpad('M',5-length(nextval('seq_member_id')::text),'0'),currval('seq_member_id')),'Nithin','nithin@email.com',9876543215);*/
insert into members(member_ID,username,member_name,Email,phone) values
('M00001','Vijay','Vijay','vijay@email.com',9610016572);
insert into members(member_ID,username,member_name,Email,phone) values
('M00002','Akash','Akash','akash@email.com',9610018459);
insert into members(member_ID,username,member_name,Email,phone) values
('M00003','Siddharth','Siddharth','siddharth@email.com',9610015535);
insert into members(member_ID,username,member_name,Email,phone) values
('M00004','Sandeep','Sandeep','sandeep@email.com',9610012495);
insert into members(member_ID,username,member_name,Email,phone) values
('M00005','Raja','Raja','raja@email.com',9610012653);
insert into members(member_ID,username,member_name,Email,phone) values
('M00006','Nithin','Nithin','nithin@email.com',9610019598);
insert into members(member_ID,username,member_name,Email,phone) values
('M00007','Zachery','Zachery','zachery@email.com',9610016961);
insert into members(member_ID,username,member_name,Email,phone) values
('M00008','Zachary','Zachary','zachary@email.com',9610019315);
insert into members(member_ID,username,member_name,Email,phone) values
('M00009','Zachariah','Zachariah','zachariah@email.com',9610013153);
insert into members(member_ID,username,member_name,Email,phone) values
('M00010','Yousuf','Yousuf','yousuf@email.com',9610015453);
insert into members(member_ID,username,member_name,Email,phone) values
('M00011','Yisi','Yisi','yisi@email.com',9610016655);
insert into members(member_ID,username,member_name,Email,phone) values
('M00012','Xianxin','Xianxin','xianxin@email.com',9610012463);
insert into members(member_ID,username,member_name,Email,phone) values
('M00013','Warren','Warren','warren@email.com',9610014186);
insert into members(member_ID,username,member_name,Email,phone) values
('M00014','Vijay','Vijay','vijay@email.com',9610019061);
insert into members(member_ID,username,member_name,Email,phone) values
('M00015','Victoria','Victoria','victoria@email.com',9610014532);
insert into members(member_ID,username,member_name,Email,phone) values
('M00016','Turner','Turner','turner@email.com',9610018472);
insert into members(member_ID,username,member_name,Email,phone) values
('M00017','Tristan','Tristan','tristan@email.com',9610013357);
insert into members(member_ID,username,member_name,Email,phone) values
('M00018','Trey','Trey','trey@email.com',9610016855);
insert into members(member_ID,username,member_name,Email,phone) values
('M00019','Traci','Traci','traci@email.com',9610014528);
insert into members(member_ID,username,member_name,Email,phone) values
('M00020','Tom','Tom','tom@email.com',9610014459);
insert into members(member_ID,username,member_name,Email,phone) values
('M00021','Ting','Ting','ting@email.com',9610018416);
insert into members(member_ID,username,member_name,Email,phone) values
('M00022','Timothy','Timothy','timothy@email.com',9610012800);
insert into members(member_ID,username,member_name,Email,phone) values
('M00023','Theresa','Theresa','theresa@email.com',9610016739);
insert into members(member_ID,username,member_name,Email,phone) values
('M00024','Theodora','Theodora','theodora@email.com',9610013425);
insert into members(member_ID,username,member_name,Email,phone) values
('M00025','Tara','Tara','tara@email.com',9610017692);
insert into members(member_ID,username,member_name,Email,phone) values
('M00026','Tanner','Tanner','tanner@email.com',9610019784);
insert into members(member_ID,username,member_name,Email,phone) values
('M00027','Sydney','Sydney','sydney@email.com',9610012791);
insert into members(member_ID,username,member_name,Email,phone) values
('M00028','Stephen','Stephen','stephen@email.com',9610013689);
insert into members(member_ID,username,member_name,Email,phone) values
('M00029','Spencer','Spencer','spencer@email.com',9610019751);
insert into members(member_ID,username,member_name,Email,phone) values
('M00030','Skyler','Skyler','skyler@email.com',9610013563);
insert into members(member_ID,username,member_name,Email,phone) values
('M00031','Sixiang','Sixiang','sixiang@email.com',9610013584);
insert into members(member_ID,username,member_name,Email,phone) values
('M00032','Shreyas','Shreyas','shreyas@email.com',9610011100);
insert into members(member_ID,username,member_name,Email,phone) values
('M00033','Shelby','Shelby','shelby@email.com',9610016399);
insert into members(member_ID,username,member_name,Email,phone) values
('M00034','Shayne','Shayne','shayne@email.com',9610015405);
insert into members(member_ID,username,member_name,Email,phone) values
('M00035','Shayla','Shayla','shayla@email.com',9610017872);
insert into members(member_ID,username,member_name,Email,phone) values
('M00036','Sharidan','Sharidan','sharidan@email.com',9610018095);
insert into members(member_ID,username,member_name,Email,phone) values
('M00037','Sarah','Sarah','sarah@email.com',9610019423);
insert into members(member_ID,username,member_name,Email,phone) values
('M00038','Sara','Sara','sara@email.com',9610011096);
insert into members(member_ID,username,member_name,Email,phone) values
('M00039','Samuel','Samuel','samuel@email.com',9610016393);
insert into members(member_ID,username,member_name,Email,phone) values
('M00040','Samiullah','Samiullah','samiullah@email.com',9610014714);
insert into members(member_ID,username,member_name,Email,phone) values
('M00041','Samantha','Samantha','samantha@email.com',9610012510);
insert into members(member_ID,username,member_name,Email,phone) values
('M00042','Sam','Sam','sam@email.com',9610017570);
insert into members(member_ID,username,member_name,Email,phone) values
('M00043','Ronald','Ronald','ronald@email.com',9610014271);
insert into members(member_ID,username,member_name,Email,phone) values
('M00044','Robert','Robert','robert@email.com',9610013089);
insert into members(member_ID,username,member_name,Email,phone) values
('M00045','Risa','Risa','risa@email.com',9610019550);
insert into members(member_ID,username,member_name,Email,phone) values
('M00046','Rebecca','Rebecca','rebecca@email.com',9610018915);
insert into members(member_ID,username,member_name,Email,phone) values
('M00047','Raeann','Raeann','raeann@email.com',9610014840);
insert into members(member_ID,username,member_name,Email,phone) values
('M00048','Rachel','Rachel','rachel@email.com',9610011436);
insert into members(member_ID,username,member_name,Email,phone) values
('M00049','Quentin','Quentin','quentin@email.com',9610012490);
insert into members(member_ID,username,member_name,Email,phone) values
('M00050','Qixin','Qixin','qixin@email.com',9610011099);
insert into members(member_ID,username,member_name,Email,phone) values
('M00051','Premiere','Premiere','premiere@email.com',9610014815);
insert into members(member_ID,username,member_name,Email,phone) values
('M00052','Precious-Edna','Precious-Edna','precious-edna@email.com',9610016970);
insert into members(member_ID,username,member_name,Email,phone) values
('M00053','Phoenix','Phoenix','phoenix@email.com',9610015952);
insert into members(member_ID,username,member_name,Email,phone) values
('M00054','Peter','Peter','peter@email.com',9610013505);
insert into members(member_ID,username,member_name,Email,phone) values
('M00055','Payton','Payton','payton@email.com',9610015881);
insert into members(member_ID,username,member_name,Email,phone) values
('M00056','Paige','Paige','paige@email.com',9610012523);
insert into members(member_ID,username,member_name,Email,phone) values
('M00057','Noe','Noe','noe@email.com',9610017522);
insert into members(member_ID,username,member_name,Email,phone) values
('M00058','Nicole','Nicole','nicole@email.com',9610016193);
insert into members(member_ID,username,member_name,Email,phone) values
('M00059','Nickalas','Nickalas','nickalas@email.com',9610017711);
insert into members(member_ID,username,member_name,Email,phone) values
('M00060','Nicholas','Nicholas','nicholas@email.com',9610014588);
insert into members(member_ID,username,member_name,Email,phone) values
('M00061','Nathan','Nathan','nathan@email.com',9610017735);
insert into members(member_ID,username,member_name,Email,phone) values
('M00062','Natasha','Natasha','natasha@email.com',9610017160);
insert into members(member_ID,username,member_name,Email,phone) values
('M00063','Natalie','Natalie','natalie@email.com',9610014357);
insert into members(member_ID,username,member_name,Email,phone) values
('M00064','Narasimha','Narasimha','narasimha@email.com',9610014570);
insert into members(member_ID,username,member_name,Email,phone) values
('M00065','Myles','Myles','myles@email.com',9610016475);
insert into members(member_ID,username,member_name,Email,phone) values
('M00066','Morgan','Morgan','morgan@email.com',9610013771);
insert into members(member_ID,username,member_name,Email,phone) values
('M00067','Miranda','Miranda','miranda@email.com',9610011109);
insert into members(member_ID,username,member_name,Email,phone) values
('M00068','Mikayla','Mikayla','mikayla@email.com',9610015231);
insert into members(member_ID,username,member_name,Email,phone) values
('M00069','Michael','Michael','michael@email.com',9610015465);
insert into members(member_ID,username,member_name,Email,phone) values
('M00070','Merry','Merry','merry@email.com',9610016166);
insert into members(member_ID,username,member_name,Email,phone) values
('M00071','Mercedes','Mercedes','mercedes@email.com',9610013010);
insert into members(member_ID,username,member_name,Email,phone) values
('M00072','Menghan','Menghan','menghan@email.com',9610012142);
insert into members(member_ID,username,member_name,Email,phone) values
('M00073','Megan','Megan','megan@email.com',9610013120);
insert into members(member_ID,username,member_name,Email,phone) values
('M00074','Matthew','Matthew','matthew@email.com',9610019057);
insert into members(member_ID,username,member_name,Email,phone) values
('M00075','Marie','Marie','marie@email.com',9610018433);
insert into members(member_ID,username,member_name,Email,phone) values
('M00076','Maria','Maria','maria@email.com',9610019097);
insert into members(member_ID,username,member_name,Email,phone) values
('M00077','Manami','Manami','manami@email.com',9610019769);
insert into members(member_ID,username,member_name,Email,phone) values
('M00078','Mamerto','Mamerto','mamerto@email.com',9610017909);
insert into members(member_ID,username,member_name,Email,phone) values
('M00079','Mallory','Mallory','mallory@email.com',9610018786);
insert into members(member_ID,username,member_name,Email,phone) values
('M00080','Malik','Malik','malik@email.com',9610012867);
insert into members(member_ID,username,member_name,Email,phone) values
('M00081','Madison','Madison','madison@email.com',9610015039);
insert into members(member_ID,username,member_name,Email,phone) values
('M00082','Madina','Madina','madina@email.com',9610016672);
insert into members(member_ID,username,member_name,Email,phone) values
('M00083','Madeline','Madeline','madeline@email.com',9610012785);
insert into members(member_ID,username,member_name,Email,phone) values
('M00084','Macy','Macy','macy@email.com',9610012768);
insert into members(member_ID,username,member_name,Email,phone) values
('M00085','Mackenzie','Mackenzie','mackenzie@email.com',9610011217);
insert into members(member_ID,username,member_name,Email,phone) values
('M00086','Lyssa','Lyssa','lyssa@email.com',9610011628);
insert into members(member_ID,username,member_name,Email,phone) values
('M00087','Luke','Luke','luke@email.com',9610018273);
insert into members(member_ID,username,member_name,Email,phone) values
('M00088','Louis','Louis','louis@email.com',9610014427);
insert into members(member_ID,username,member_name,Email,phone) values
('M00089','Likitha','Likitha','likitha@email.com',9610016567);
insert into members(member_ID,username,member_name,Email,phone) values
('M00090','Laura','Laura','laura@email.com',9610013221);
insert into members(member_ID,username,member_name,Email,phone) values
('M00091','Landon','Landon','landon@email.com',9610018322);
insert into members(member_ID,username,member_name,Email,phone) values
('M00092','Kyla','Kyla','kyla@email.com',9610018804);
insert into members(member_ID,username,member_name,Email,phone) values
('M00093','Krystal','Krystal','krystal@email.com',9610016558);
insert into members(member_ID,username,member_name,Email,phone) values
('M00094','Kori','Kori','kori@email.com',9610014949);
insert into members(member_ID,username,member_name,Email,phone) values
('M00095','Kingham','Kingham','kingham@email.com',9610016094);
insert into members(member_ID,username,member_name,Email,phone) values
('M00096','Kimberly','Kimberly','kimberly@email.com',9610019103);
insert into members(member_ID,username,member_name,Email,phone) values
('M00097','Kevin','Kevin','kevin@email.com',9610014817);
insert into members(member_ID,username,member_name,Email,phone) values
('M00098','Kelsie','Kelsie','kelsie@email.com',9610012326);
insert into members(member_ID,username,member_name,Email,phone) values
('M00099','Kelsey','Kelsey','kelsey@email.com',9610016031);
insert into members(member_ID,username,member_name,Email,phone) values
('M00100','Kaylee','Kaylee','kaylee@email.com',9610012676);
insert into members(member_ID,username,member_name,Email,phone) values
('M00101','Kayla','Kayla','kayla@email.com',9610012450);
insert into members(member_ID,username,member_name,Email,phone) values
('M00102','Katherine','Katherine','katherine@email.com',9610019186);
insert into members(member_ID,username,member_name,Email,phone) values
('M00103','Katharyn','Katharyn','katharyn@email.com',9610015965);
insert into members(member_ID,username,member_name,Email,phone) values
('M00104','Katelyn','Katelyn','katelyn@email.com',9610016500);
insert into members(member_ID,username,member_name,Email,phone) values
('M00105','Kasey','Kasey','kasey@email.com',9610014161);
insert into members(member_ID,username,member_name,Email,phone) values
('M00106','Karrigan','Karrigan','karrigan@email.com',9610011297);
insert into members(member_ID,username,member_name,Email,phone) values
('M00107','Karlie','Karlie','karlie@email.com',9610018090);
insert into members(member_ID,username,member_name,Email,phone) values
('M00108','Kaleigh','Kaleigh','kaleigh@email.com',9610014568);
insert into members(member_ID,username,member_name,Email,phone) values
('M00109','Kaci','Kaci','kaci@email.com',9610013977);
insert into members(member_ID,username,member_name,Email,phone) values
('M00110','Julia','Julia','julia@email.com',9610011657);
insert into members(member_ID,username,member_name,Email,phone) values
('M00111','Joshua','Joshua','joshua@email.com',9610013558);
insert into members(member_ID,username,member_name,Email,phone) values
('M00112','Josephine','Josephine','josephine@email.com',9610018834);
insert into members(member_ID,username,member_name,Email,phone) values
('M00113','Joseph','Joseph','joseph@email.com',9610015022);
insert into members(member_ID,username,member_name,Email,phone) values
('M00114','Jorge','Jorge','jorge@email.com',9610016236);
insert into members(member_ID,username,member_name,Email,phone) values
('M00115','Jordan','Jordan','jordan@email.com',9610013139);
insert into members(member_ID,username,member_name,Email,phone) values
('M00116','John','John','john@email.com',9610013805);
insert into members(member_ID,username,member_name,Email,phone) values
('M00117','Jessica','Jessica','jessica@email.com',9610017829);
insert into members(member_ID,username,member_name,Email,phone) values
('M00118','Jeron','Jeron','jeron@email.com',9610017735);
insert into members(member_ID,username,member_name,Email,phone) values
('M00119','Jeremy','Jeremy','jeremy@email.com',9610015147);
insert into members(member_ID,username,member_name,Email,phone) values
('M00120','Jennifer','Jennifer','jennifer@email.com',9610013882);
insert into members(member_ID,username,member_name,Email,phone) values
('M00121','Jennica','Jennica','jennica@email.com',9610015792);
insert into members(member_ID,username,member_name,Email,phone) values
('M00122','Jenna','Jenna','jenna@email.com',9610016732);
insert into members(member_ID,username,member_name,Email,phone) values
('M00123','Jason','Jason','jason@email.com',9610013730);
insert into members(member_ID,username,member_name,Email,phone) values
('M00124','Jasmine','Jasmine','jasmine@email.com',9610019039);
insert into members(member_ID,username,member_name,Email,phone) values
('M00125','Jarelle','Jarelle','jarelle@email.com',9610014499);
insert into members(member_ID,username,member_name,Email,phone) values
('M00126','James','James','james@email.com',9610011380);
insert into members(member_ID,username,member_name,Email,phone) values
('M00127','Jahanzib','Jahanzib','jahanzib@email.com',9610013013);
insert into members(member_ID,username,member_name,Email,phone) values
('M00128','Jaelyn','Jaelyn','jaelyn@email.com',9610017802);
insert into members(member_ID,username,member_name,Email,phone) values
('M00129','Jacob','Jacob','jacob@email.com',9610014918);
insert into members(member_ID,username,member_name,Email,phone) values
('M00130','Jacey','Jacey','jacey@email.com',9610014096);
insert into members(member_ID,username,member_name,Email,phone) values
('M00131','Jace','Jace','jace@email.com',9610019855);
insert into members(member_ID,username,member_name,Email,phone) values
('M00132','Isiah','Isiah','isiah@email.com',9610011701);
insert into members(member_ID,username,member_name,Email,phone) values
('M00133','Isaac','Isaac','isaac@email.com',9610016778);
insert into members(member_ID,username,member_name,Email,phone) values
('M00134','Holden','Holden','holden@email.com',9610019996);
insert into members(member_ID,username,member_name,Email,phone) values
('M00135','Henry','Henry','henry@email.com',9610012217);
insert into members(member_ID,username,member_name,Email,phone) values
('M00136','Heather','Heather','heather@email.com',9610018340);
insert into members(member_ID,username,member_name,Email,phone) values
('M00137','Haotian','Haotian','haotian@email.com',9610018544);
insert into members(member_ID,username,member_name,Email,phone) values
('M00138','Hansaka','Hansaka','hansaka@email.com',9610016930);
insert into members(member_ID,username,member_name,Email,phone) values
('M00139','Hannah','Hannah','hannah@email.com',9610018962);
insert into members(member_ID,username,member_name,Email,phone) values
('M00140','Haley','Haley','haley@email.com',9610015621);
insert into members(member_ID,username,member_name,Email,phone) values
('M00141','Gerald','Gerald','gerald@email.com',9610014152);
insert into members(member_ID,username,member_name,Email,phone) values
('M00142','Gabriela','Gabriela','gabriela@email.com',9610019515);
insert into members(member_ID,username,member_name,Email,phone) values
('M00143','Fua','Fua','fua@email.com',9610013129);
insert into members(member_ID,username,member_name,Email,phone) values
('M00144','Francisco','Francisco','francisco@email.com',9610012269);
insert into members(member_ID,username,member_name,Email,phone) values
('M00145','Fawaz','Fawaz','fawaz@email.com',9610012760);
insert into members(member_ID,username,member_name,Email,phone) values
('M00146','Faith','Faith','faith@email.com',9610016510);
insert into members(member_ID,username,member_name,Email,phone) values
('M00147','Evette','Evette','evette@email.com',9610012432);
insert into members(member_ID,username,member_name,Email,phone) values
('M00148','Ethan','Ethan','ethan@email.com',9610012486);
insert into members(member_ID,username,member_name,Email,phone) values
('M00149','Emma','Emma','emma@email.com',9610015201);
insert into members(member_ID,username,member_name,Email,phone) values
('M00150','Emily','Emily','emily@email.com',9610011800);
insert into members(member_ID,username,member_name,Email,phone) values
('M00151','Emilio','Emilio','emilio@email.com',9610019080);
insert into members(member_ID,username,member_name,Email,phone) values
('M00152','Elson','Elson','elson@email.com',9610011978);
insert into members(member_ID,username,member_name,Email,phone) values
('M00153','Elizabeth','Elizabeth','elizabeth@email.com',9610012447);
insert into members(member_ID,username,member_name,Email,phone) values
('M00154','Elijah','Elijah','elijah@email.com',9610013687);
insert into members(member_ID,username,member_name,Email,phone) values
('M00155','Dustin','Dustin','dustin@email.com',9610018521);
insert into members(member_ID,username,member_name,Email,phone) values
('M00156','Donovan','Donovan','donovan@email.com',9610011280);
insert into members(member_ID,username,member_name,Email,phone) values
('M00157','Disha','Disha','disha@email.com',9610012591);
insert into members(member_ID,username,member_name,Email,phone) values
('M00158','Dillon','Dillon','dillon@email.com',9610015747);
insert into members(member_ID,username,member_name,Email,phone) values
('M00159','DeShonna','DeShonna','deshonna@email.com',9610019672);
insert into members(member_ID,username,member_name,Email,phone) values
('M00160','Derril','Derril','derril@email.com',9610012424);
insert into members(member_ID,username,member_name,Email,phone) values
('M00161','Denis','Denis','denis@email.com',9610015073);
insert into members(member_ID,username,member_name,Email,phone) values
('M00162','Debarshi','Debarshi','debarshi@email.com',9610016352);
insert into members(member_ID,username,member_name,Email,phone) values
('M00163','DeAngelena','DeAngelena','deangelena@email.com',9610011680);
insert into members(member_ID,username,member_name,Email,phone) values
('M00164','David','David','david@email.com',9610016900);
insert into members(member_ID,username,member_name,Email,phone) values
('M00165','Daniel','Daniel','daniel@email.com',9610015011);
insert into members(member_ID,username,member_name,Email,phone) values
('M00166','Damilola','Damilola','damilola@email.com',9610017393);
insert into members(member_ID,username,member_name,Email,phone) values
('M00167','Dakota','Dakota','dakota@email.com',9610013436);
insert into members(member_ID,username,member_name,Email,phone) values
('M00168','Corben','Corben','corben@email.com',9610011630);
insert into members(member_ID,username,member_name,Email,phone) values
('M00169','Connor','Connor','connor@email.com',9610016982);
insert into members(member_ID,username,member_name,Email,phone) values
('M00170','Cole','Cole','cole@email.com',9610012821);
insert into members(member_ID,username,member_name,Email,phone) values
('M00171','Cierra','Cierra','cierra@email.com',9610014541);
insert into members(member_ID,username,member_name,Email,phone) values
('M00172','Christopher','Christopher','christopher@email.com',9610013303);
insert into members(member_ID,username,member_name,Email,phone) values
('M00173','Christine','Christine','christine@email.com',9610015690);
insert into members(member_ID,username,member_name,Email,phone) values
('M00174','Christina','Christina','christina@email.com',9610013743);
insert into members(member_ID,username,member_name,Email,phone) values
('M00175','Chelsey','Chelsey','chelsey@email.com',9610014030);
insert into members(member_ID,username,member_name,Email,phone) values
('M00176','Chelsea','Chelsea','chelsea@email.com',9610018286);
insert into members(member_ID,username,member_name,Email,phone) values
('M00177','Cecilia','Cecilia','cecilia@email.com',9610012188);
insert into members(member_ID,username,member_name,Email,phone) values
('M00178','Catherine','Catherine','catherine@email.com',9610018699);
insert into members(member_ID,username,member_name,Email,phone) values
('M00179','Cassandra','Cassandra','cassandra@email.com',9610014916);
insert into members(member_ID,username,member_name,Email,phone) values
('M00180','Caleb','Caleb','caleb@email.com',9610012793);
insert into members(member_ID,username,member_name,Email,phone) values
('M00181','Brylie','Brylie','brylie@email.com',9610019359);
insert into members(member_ID,username,member_name,Email,phone) values
('M00182','Brooklyn','Brooklyn','brooklyn@email.com',9610019356);
insert into members(member_ID,username,member_name,Email,phone) values
('M00183','Brooke','Brooke','brooke@email.com',9610013040);
insert into members(member_ID,username,member_name,Email,phone) values
('M00184','Brittany','Brittany','brittany@email.com',9610014780);
insert into members(member_ID,username,member_name,Email,phone) values
('M00185','Bricelis','Bricelis','bricelis@email.com',9610014741);
insert into members(member_ID,username,member_name,Email,phone) values
('M00186','Brian','Brian','brian@email.com',9610011676);
insert into members(member_ID,username,member_name,Email,phone) values
('M00187','Brenda','Brenda','brenda@email.com',9610019720);
insert into members(member_ID,username,member_name,Email,phone) values
('M00188','Brandon','Brandon','brandon@email.com',9610013639);
insert into members(member_ID,username,member_name,Email,phone) values
('M00189','Brady','Brady','brady@email.com',9610014442);
insert into members(member_ID,username,member_name,Email,phone) values
('M00190','Brad','Brad','brad@email.com',9610013417);
insert into members(member_ID,username,member_name,Email,phone) values
('M00191','Bethany','Bethany','bethany@email.com',9610014257);
insert into members(member_ID,username,member_name,Email,phone) values
('M00192','Benton','Benton','benton@email.com',9610016793);
insert into members(member_ID,username,member_name,Email,phone) values
('M00193','Benjamin','Benjamin','benjamin@email.com',9610016411);
insert into members(member_ID,username,member_name,Email,phone) values
('M00194','Artem','Artem','artem@email.com',9610016536);
insert into members(member_ID,username,member_name,Email,phone) values
('M00195','Anran','Anran','anran@email.com',9610018359);
insert into members(member_ID,username,member_name,Email,phone) values
('M00196','Angelica','Angelica','angelica@email.com',9610012980);
insert into members(member_ID,username,member_name,Email,phone) values
('M00197','Andrew','Andrew','andrew@email.com',9610016577);
insert into members(member_ID,username,member_name,Email,phone) values
('M00198','Ana','Ana','ana@email.com',9610013316);
insert into members(member_ID,username,member_name,Email,phone) values
('M00199','Amanda','Amanda','amanda@email.com',9610014389);
insert into members(member_ID,username,member_name,Email,phone) values
('M00200','Alyssa','Alyssa','alyssa@email.com',9610011682);
insert into members(member_ID,username,member_name,Email,phone) values
('M00201','Alvin','Alvin','alvin@email.com',9610019792);
insert into members(member_ID,username,member_name,Email,phone) values
('M00202','Allison','Allison','allison@email.com',9610012568);
insert into members(member_ID,username,member_name,Email,phone) values
('M00203','Allicia','Allicia','allicia@email.com',9610016400);
insert into members(member_ID,username,member_name,Email,phone) values
('M00204','Allan','Allan','allan@email.com',9610019701);
insert into members(member_ID,username,member_name,Email,phone) values
('M00205','Alice','Alice','alice@email.com',9610015081);
insert into members(member_ID,username,member_name,Email,phone) values
('M00206','Alexia','Alexia','alexia@email.com',9610018516);
insert into members(member_ID,username,member_name,Email,phone) values
('M00207','Alexandria','Alexandria','alexandria@email.com',9610015983);
insert into members(member_ID,username,member_name,Email,phone) values
('M00208','Alan','Alan','alan@email.com',9610013374);
insert into members(member_ID,username,member_name,Email,phone) values
('M00209','Adrianna','Adrianna','adrianna@email.com',9610013260);
insert into members(member_ID,username,member_name,Email,phone) values
('M00210','Adam','Adam','adam@email.com',9610017121);
insert into members(member_ID,username,member_name,Email,phone) values
('M00211','Abby','Abby','abby@email.com',9610012270);
insert into members(member_ID,username,member_name,Email,phone) values
('M00212','Abbigayle','Abbigayle','abbigayle@email.com',9610016099);
insert into members(member_ID,username,member_name,Email,phone) values
('M00213','Aaron','Aaron','aaron@email.com',9610019153);


/*Groups table*/
insert into groups(group_id,group_name) values('G00001','weekend trip');
insert into groups(group_id,group_name) values('G00002','college trip');
insert into groups(group_id,group_name) values('G00003','breakfast');
insert into groups(group_id,group_name) values('G00004','annual lunch');
insert into groups(group_id,group_name) values('G00005','study tour');
insert into groups(group_id,group_name) values('G00006','grocery bill');
insert into groups(group_id,group_name) values('G00007','wall mart grocery bill');
insert into groups(group_id,group_name) values('G00008','basket ball game');
insert into groups(group_id,group_name) values('G00009','football game');
insert into groups(group_id,group_name) values('G00010','Wichita trip');
insert into groups(group_id,group_name) values('G00011','Kansas city trip');
insert into groups(group_id,group_name) values('G00012','Grand canon');
insert into groups(group_id,group_name) values('G00013','NYC');
insert into groups(group_id,group_name) values('G00014','France');
insert into groups(group_id,group_name) values('G00015','Software purchases');
insert into groups(group_id,group_name) values('G00016','car Fuel');
insert into groups(group_id,group_name) values('G00017','Wedding gift');
insert into groups(group_id,group_name) values('G00018','Donation for Health cause');
insert into groups(group_id,group_name) values('G00019','Car purchase');
insert into groups(group_id,group_name) values('G00020','Hospital bill');

/*Member_groups table*/
insert into member_groups(member_group_id,group_id,member_id,member_value) values('MG000001','G00001','M00001',1);
insert into member_groups(member_group_id,group_id,member_id,member_value) values('MG000002','G00001','M00002',2);
insert into member_groups(member_group_id,group_id,member_id,member_value) values('MG000003','G00001','M00003',4);
insert into member_groups(member_group_id,group_id,member_id,member_value) values('MG000004','G00002','M00004',1);
insert into member_groups(member_group_id,group_id,member_id,member_value) values('MG000005','G00002','M00005',2);
insert into member_groups(member_group_id,group_id,member_id,member_value) values('MG000006','G00002','M00006',4);
insert into member_groups(member_group_id,group_id,member_id,member_value) values('MG000007','G00002','M00007',8);
insert into member_groups(member_group_id,group_id,member_id,member_value) values('MG000008','G00002','M00008',16);
insert into member_groups(member_group_id,group_id,member_id,member_value) values('MG000009','G00003','M00009',1);
insert into member_groups(member_group_id,group_id,member_id,member_value) values('MG000010','G00003','M00010',2);
insert into member_groups(member_group_id,group_id,member_id,member_value) values('MG000011','G00003','M00011',4);
insert into member_groups(member_group_id,group_id,member_id,member_value) values('MG000012','G00003','M00012',8);
insert into member_groups(member_group_id,group_id,member_id,member_value) values('MG000013','G00003','M00013',16);
insert into member_groups(member_group_id,group_id,member_id,member_value) values('MG000014','G00004','M00014',1);
insert into member_groups(member_group_id,group_id,member_id,member_value) values('MG000015','G00004','M00015',2);
insert into member_groups(member_group_id,group_id,member_id,member_value) values('MG000016','G00004','M00016',4);
insert into member_groups(member_group_id,group_id,member_id,member_value) values('MG000017','G00004','M00017',8);
insert into member_groups(member_group_id,group_id,member_id,member_value) values('MG000018','G00004','M00018',16);
insert into member_groups(member_group_id,group_id,member_id,member_value) values('MG000019','G00004','M00019',32);
insert into member_groups(member_group_id,group_id,member_id,member_value) values('MG000020','G00005','M00020',1);
insert into member_groups(member_group_id,group_id,member_id,member_value) values('MG000021','G00005','M00021',2);
insert into member_groups(member_group_id,group_id,member_id,member_value) values('MG000022','G00005','M00022',4);
insert into member_groups(member_group_id,group_id,member_id,member_value) values('MG000023','G00005','M00023',8);
insert into member_groups(member_group_id,group_id,member_id,member_value) values('MG000024','G00005','M00024',16);
insert into member_groups(member_group_id,group_id,member_id,member_value) values('MG000025','G00005','M00025',32);
insert into member_groups(member_group_id,group_id,member_id,member_value) values('MG000026','G00005','M00026',64);
insert into member_groups(member_group_id,group_id,member_id,member_value) values('MG000027','G00005','M00027',128);
insert into member_groups(member_group_id,group_id,member_id,member_value) values('MG000028','G00006','M00028',1);
insert into member_groups(member_group_id,group_id,member_id,member_value) values('MG000029','G00006','M00029',2);
insert into member_groups(member_group_id,group_id,member_id,member_value) values('MG000030','G00006','M00030',4);
insert into member_groups(member_group_id,group_id,member_id,member_value) values('MG000031','G00006','M00031',8);
insert into member_groups(member_group_id,group_id,member_id,member_value) values('MG000032','G00006','M00032',16);
insert into member_groups(member_group_id,group_id,member_id,member_value) values('MG000033','G00006','M00033',32);
insert into member_groups(member_group_id,group_id,member_id,member_value) values('MG000034','G00006','M00034',64);
insert into member_groups(member_group_id,group_id,member_id,member_value) values('MG000035','G00007','M00035',1);
insert into member_groups(member_group_id,group_id,member_id,member_value) values('MG000036','G00007','M00036',2);
insert into member_groups(member_group_id,group_id,member_id,member_value) values('MG000037','G00008','M00037',1);
insert into member_groups(member_group_id,group_id,member_id,member_value) values('MG000038','G00008','M00038',2);
insert into member_groups(member_group_id,group_id,member_id,member_value) values('MG000039','G00008','M00039',4);
insert into member_groups(member_group_id,group_id,member_id,member_value) values('MG000040','G00008','M00040',8);
insert into member_groups(member_group_id,group_id,member_id,member_value) values('MG000041','G00008','M00041',16);
insert into member_groups(member_group_id,group_id,member_id,member_value) values('MG000042','G00008','M00042',32);
insert into member_groups(member_group_id,group_id,member_id,member_value) values('MG000043','G00009','M00043',1);
insert into member_groups(member_group_id,group_id,member_id,member_value) values('MG000044','G00009','M00044',2);
insert into member_groups(member_group_id,group_id,member_id,member_value) values('MG000045','G00009','M00045',4);
insert into member_groups(member_group_id,group_id,member_id,member_value) values('MG000046','G00009','M00046',8);
insert into member_groups(member_group_id,group_id,member_id,member_value) values('MG000047','G00009','M00047',16);
insert into member_groups(member_group_id,group_id,member_id,member_value) values('MG000048','G00009','M00048',32);
insert into member_groups(member_group_id,group_id,member_id,member_value) values('MG000049','G00009','M00049',64);
insert into member_groups(member_group_id,group_id,member_id,member_value) values('MG000050','G00009','M00050',128);
insert into member_groups(member_group_id,group_id,member_id,member_value) values('MG000051','G00009','M00051',256);
insert into member_groups(member_group_id,group_id,member_id,member_value) values('MG000052','G00009','M00052',512);
insert into member_groups(member_group_id,group_id,member_id,member_value) values('MG000053','G00009','M00053',1024);
insert into member_groups(member_group_id,group_id,member_id,member_value) values('MG000054','G00009','M00054',2048);
insert into member_groups(member_group_id,group_id,member_id,member_value) values('MG000055','G00009','M00055',4096);
insert into member_groups(member_group_id,group_id,member_id,member_value) values('MG000056','G00009','M00056',8192);
insert into member_groups(member_group_id,group_id,member_id,member_value) values('MG000057','G00009','M00057',16384);
insert into member_groups(member_group_id,group_id,member_id,member_value) values('MG000058','G00010','M00058',1);
insert into member_groups(member_group_id,group_id,member_id,member_value) values('MG000059','G00010','M00059',2);
insert into member_groups(member_group_id,group_id,member_id,member_value) values('MG000060','G00010','M00060',4);
insert into member_groups(member_group_id,group_id,member_id,member_value) values('MG000061','G00010','M00061',8);
insert into member_groups(member_group_id,group_id,member_id,member_value) values('MG000062','G00010','M00062',16);
insert into member_groups(member_group_id,group_id,member_id,member_value) values('MG000063','G00010','M00063',32);
insert into member_groups(member_group_id,group_id,member_id,member_value) values('MG000064','G00010','M00064',64);
insert into member_groups(member_group_id,group_id,member_id,member_value) values('MG000065','G00010','M00065',128);
insert into member_groups(member_group_id,group_id,member_id,member_value) values('MG000066','G00011','M00066',1);
insert into member_groups(member_group_id,group_id,member_id,member_value) values('MG000067','G00011','M00067',2);
insert into member_groups(member_group_id,group_id,member_id,member_value) values('MG000068','G00011','M00068',4);
insert into member_groups(member_group_id,group_id,member_id,member_value) values('MG000069','G00011','M00069',8);
insert into member_groups(member_group_id,group_id,member_id,member_value) values('MG000070','G00011','M00070',16);
insert into member_groups(member_group_id,group_id,member_id,member_value) values('MG000071','G00011','M00071',32);
insert into member_groups(member_group_id,group_id,member_id,member_value) values('MG000072','G00012','M00072',1);
insert into member_groups(member_group_id,group_id,member_id,member_value) values('MG000073','G00012','M00073',2);
insert into member_groups(member_group_id,group_id,member_id,member_value) values('MG000074','G00012','M00074',4);
insert into member_groups(member_group_id,group_id,member_id,member_value) values('MG000075','G00012','M00075',8);
insert into member_groups(member_group_id,group_id,member_id,member_value) values('MG000076','G00012','M00076',16);
insert into member_groups(member_group_id,group_id,member_id,member_value) values('MG000077','G00012','M00077',32);
insert into member_groups(member_group_id,group_id,member_id,member_value) values('MG000078','G00012','M00078',64);
insert into member_groups(member_group_id,group_id,member_id,member_value) values('MG000079','G00012','M00079',128);
insert into member_groups(member_group_id,group_id,member_id,member_value) values('MG000080','G00012','M00080',256);
insert into member_groups(member_group_id,group_id,member_id,member_value) values('MG000081','G00012','M00081',512);
insert into member_groups(member_group_id,group_id,member_id,member_value) values('MG000082','G00012','M00082',1024);
insert into member_groups(member_group_id,group_id,member_id,member_value) values('MG000083','G00012','M00083',2048);
insert into member_groups(member_group_id,group_id,member_id,member_value) values('MG000084','G00013','M00084',1);
insert into member_groups(member_group_id,group_id,member_id,member_value) values('MG000085','G00013','M00085',2);
insert into member_groups(member_group_id,group_id,member_id,member_value) values('MG000086','G00013','M00086',4);
insert into member_groups(member_group_id,group_id,member_id,member_value) values('MG000087','G00013','M00087',8);
insert into member_groups(member_group_id,group_id,member_id,member_value) values('MG000088','G00013','M00088',16);
insert into member_groups(member_group_id,group_id,member_id,member_value) values('MG000089','G00013','M00089',32);
insert into member_groups(member_group_id,group_id,member_id,member_value) values('MG000090','G00014','M00090',1);
insert into member_groups(member_group_id,group_id,member_id,member_value) values('MG000091','G00014','M00091',2);
insert into member_groups(member_group_id,group_id,member_id,member_value) values('MG000092','G00014','M00092',4);
insert into member_groups(member_group_id,group_id,member_id,member_value) values('MG000093','G00014','M00093',8);
insert into member_groups(member_group_id,group_id,member_id,member_value) values('MG000094','G00014','M00094',16);
insert into member_groups(member_group_id,group_id,member_id,member_value) values('MG000095','G00014','M00095',32);
insert into member_groups(member_group_id,group_id,member_id,member_value) values('MG000096','G00014','M00096',64);
insert into member_groups(member_group_id,group_id,member_id,member_value) values('MG000097','G00014','M00097',128);
insert into member_groups(member_group_id,group_id,member_id,member_value) values('MG000098','G00015','M00098',1);
insert into member_groups(member_group_id,group_id,member_id,member_value) values('MG000099','G00015','M00099',2);
insert into member_groups(member_group_id,group_id,member_id,member_value) values('MG000100','G00015','M00100',4);
insert into member_groups(member_group_id,group_id,member_id,member_value) values('MG000101','G00015','M00101',8);
insert into member_groups(member_group_id,group_id,member_id,member_value) values('MG000102','G00015','M00102',16);
insert into member_groups(member_group_id,group_id,member_id,member_value) values('MG000103','G00015','M00103',32);
insert into member_groups(member_group_id,group_id,member_id,member_value) values('MG000104','G00015','M00104',64);
insert into member_groups(member_group_id,group_id,member_id,member_value) values('MG000105','G00015','M00105',128);
insert into member_groups(member_group_id,group_id,member_id,member_value) values('MG000106','G00015','M00106',256);
insert into member_groups(member_group_id,group_id,member_id,member_value) values('MG000107','G00015','M00107',512);
insert into member_groups(member_group_id,group_id,member_id,member_value) values('MG000108','G00015','M00108',1024);
insert into member_groups(member_group_id,group_id,member_id,member_value) values('MG000109','G00015','M00109',2048);
insert into member_groups(member_group_id,group_id,member_id,member_value) values('MG000110','G00015','M00110',4096);
insert into member_groups(member_group_id,group_id,member_id,member_value) values('MG000111','G00016','M00111',1);
insert into member_groups(member_group_id,group_id,member_id,member_value) values('MG000112','G00016','M00112',2);
insert into member_groups(member_group_id,group_id,member_id,member_value) values('MG000113','G00016','M00113',4);
insert into member_groups(member_group_id,group_id,member_id,member_value) values('MG000114','G00016','M00114',8);
insert into member_groups(member_group_id,group_id,member_id,member_value) values('MG000115','G00016','M00115',16);
insert into member_groups(member_group_id,group_id,member_id,member_value) values('MG000116','G00016','M00116',32);
insert into member_groups(member_group_id,group_id,member_id,member_value) values('MG000117','G00017','M00117',1);
insert into member_groups(member_group_id,group_id,member_id,member_value) values('MG000118','G00017','M00118',2);
insert into member_groups(member_group_id,group_id,member_id,member_value) values('MG000119','G00017','M00119',4);
insert into member_groups(member_group_id,group_id,member_id,member_value) values('MG000120','G00017','M00120',8);
insert into member_groups(member_group_id,group_id,member_id,member_value) values('MG000121','G00017','M00121',16);
insert into member_groups(member_group_id,group_id,member_id,member_value) values('MG000122','G00017','M00122',32);
insert into member_groups(member_group_id,group_id,member_id,member_value) values('MG000123','G00017','M00123',64);
insert into member_groups(member_group_id,group_id,member_id,member_value) values('MG000124','G00017','M00124',128);
insert into member_groups(member_group_id,group_id,member_id,member_value) values('MG000125','G00018','M00125',1);
insert into member_groups(member_group_id,group_id,member_id,member_value) values('MG000126','G00018','M00126',2);
insert into member_groups(member_group_id,group_id,member_id,member_value) values('MG000127','G00019','M00127',1);
insert into member_groups(member_group_id,group_id,member_id,member_value) values('MG000128','G00019','M00128',2);
insert into member_groups(member_group_id,group_id,member_id,member_value) values('MG000129','G00019','M00129',4);
insert into member_groups(member_group_id,group_id,member_id,member_value) values('MG000130','G00020','M00130',1);

/*Expenses*/
insert into expenses(transaction_id,group_id,item,cost,expenditure_date,expenses_shared_with) values('T00001','G00001','toll',5,to_date('15-03-2017','DD-MM-YYYY'),7);
insert into expenses(transaction_id,group_id,item,cost,expenditure_date,expenses_shared_with) values('T00002','G00001','petrol',50,to_date('15-03-2017','DD-MM-YYYY'),7);
insert into expenses(transaction_id,group_id,item,cost,expenditure_date,expenses_shared_with) values('T00003','G00001','lodge',40,to_date('15-03-2017','DD-MM-YYYY'),7);
insert into expenses(transaction_id,group_id,item,cost,expenditure_date,expenses_shared_with) values('T00004','G00001','water',3,to_date('15-03-2017','DD-MM-YYYY'),3);
insert into expenses(transaction_id,group_id,item,cost,expenditure_date,expenses_shared_with) values('T00005','G00001','tea',10,to_date('15-03-2017','DD-MM-YYYY'),1);
insert into expenses(transaction_id,group_id,item,cost,expenditure_date,expenses_shared_with) values('T00006','G00001','breakfast ',22,to_date('15-03-2017','DD-MM-YYYY'),3);
insert into expenses(transaction_id,group_id,item,cost,expenditure_date,expenses_shared_with) values('T00007','G00001','snacks',40,to_date('15-03-2017','DD-MM-YYYY'),7);
insert into expenses(transaction_id,group_id,item,cost,expenditure_date,expenses_shared_with) values('T00008','G00001','fruits',35,to_date('16-03-2017','DD-MM-YYYY'),3);
insert into expenses(transaction_id,group_id,item,cost,expenditure_date,expenses_shared_with) values('T00009','G00001','water ',6,to_date('16-03-2017','DD-MM-YYYY'),7);
insert into expenses(transaction_id,group_id,item,cost,expenditure_date,expenses_shared_with) values('T00010','G00001','temple ticket',7,to_date('16-03-2017','DD-MM-YYYY'),4);
insert into expenses(transaction_id,group_id,item,cost,expenditure_date,expenses_shared_with) values('T00011','G00001','lunch ',20,to_date('16-03-2017','DD-MM-YYYY'),7);
insert into expenses(transaction_id,group_id,item,cost,expenditure_date,expenses_shared_with) values('T00012','G00001','dinner ',31,to_date('16-03-2017','DD-MM-YYYY'),7);
insert into expenses(transaction_id,group_id,item,cost,expenditure_date,expenses_shared_with) values('T00013','G00001','cd',9,to_date('16-03-2017','DD-MM-YYYY'),7);
insert into expenses(transaction_id,group_id,item,cost,expenditure_date,expenses_shared_with) values('T00014','G00001','water ',6,to_date('16-03-2017','DD-MM-YYYY'),7);
insert into expenses(transaction_id,group_id,item,cost,expenditure_date,expenses_shared_with) values('T00015','G00001','toll',5,to_date('16-03-2017','DD-MM-YYYY'),7);
insert into expenses(transaction_id,group_id,item,cost,expenditure_date,expenses_shared_with) values('T00016','G00001','breakfast ',23,to_date('16-03-2017','DD-MM-YYYY'),7);
insert into expenses(transaction_id,group_id,item,cost,expenditure_date,expenses_shared_with) values('T00017','G00001','petrol',50,to_date('17-03-2017','DD-MM-YYYY'),7);
insert into expenses(transaction_id,group_id,item,cost,expenditure_date,expenses_shared_with) values('T00018','G00001','entry ticket',9,to_date('17-03-2017','DD-MM-YYYY'),3);
insert into expenses(transaction_id,group_id,item,cost,expenditure_date,expenses_shared_with) values('T00019','G00001','room',100,to_date('17-03-2017','DD-MM-YYYY'),7);
insert into expenses(transaction_id,group_id,item,cost,expenditure_date,expenses_shared_with) values('T00020','G00001','dinner',15,to_date('17-03-2017','DD-MM-YYYY'),3);
insert into expenses(transaction_id,group_id,item,cost,expenditure_date,expenses_shared_with) values('T00021','G00001','petrol',30,to_date('17-03-2017','DD-MM-YYYY'),7);
insert into expenses(transaction_id,group_id,item,cost,expenditure_date,expenses_shared_with) values('T00022','G00001','petrol',30,to_date('17-03-2017','DD-MM-YYYY'),7);
insert into expenses(transaction_id,group_id,item,cost,expenditure_date,expenses_shared_with) values('T00023','G00001','tea',9,to_date('17-03-2017','DD-MM-YYYY'),1);
insert into expenses(transaction_id,group_id,item,cost,expenditure_date,expenses_shared_with) values('T00024','G00001','Vechile rent',380,to_date('17-03-2017','DD-MM-YYYY'),7);


/*tasks*/
insert into tasks(task_id,group_id,task,status) values('L00001','G00006','Clean the kitchen',0);
insert into tasks(task_id,group_id,task,status) values('L00002','G00006','Bring Grocery',0);
insert into tasks(task_id,group_id,task,status) values('L00003','G00006','Repair the door knob',0);
insert into tasks(task_id,group_id,task,status) values('L00004','G00006','Pay the internet bill',0);
insert into tasks(task_id,group_id,task,status) values('L00005','G00002','Fill the fuel',0);
insert into tasks(task_id,group_id,task,status) values('L00006','G00002','Renew the insurance',0);
insert into tasks(task_id,group_id,task,status) values('L00007','G00003','Send tax returns mail',0);
insert into tasks(task_id,group_id,task,status) values('L00008','G00004','Purchase toaster',0);
insert into tasks(task_id,group_id,task,status) values('L00009','G00004','Purchase vaccum cleaner',0);
insert into tasks(task_id,group_id,task,status) values('L00010','G00005','Book ticket',0);
insert into tasks(task_id,group_id,task,status) values('L00011','G00005','Reserve hotel',0);
insert into tasks(task_id,group_id,task,status) values('L00012','G00005','Buy roaming phone plan',0);


