/*Member table*/
/*insert into members(member_ID,member_name,Email,phone) values
(concat(rpad('M',5-length(nextval('seq_member_id')::text),'0'),currval('seq_member_id')),'Vijay','vijay@email.com',9876543210),
(concat(rpad('M',5-length(nextval('seq_member_id')::text),'0'),currval('seq_member_id')),'Akash','akash@email.com',9876543211),
(concat(rpad('M',5-length(nextval('seq_member_id')::text),'0'),currval('seq_member_id')),'Siddharth','siddharth@email.com',9876543212),
(concat(rpad('M',5-length(nextval('seq_member_id')::text),'0'),currval('seq_member_id')),'Sandeep','sandeep@email.com',9876543213),
(concat(rpad('M',5-length(nextval('seq_member_id')::text),'0'),currval('seq_member_id')),'Raja','raja@email.com',9876543214),
(concat(rpad('M',5-length(nextval('seq_member_id')::text),'0'),currval('seq_member_id')),'Nithin','nithin@email.com',9876543215);*/
insert into members(member_ID,member_name,Email,phone) values
('M00001','Vijay','vijay@email.com',9610016572);
insert into members(member_ID,member_name,Email,phone) values
('M00002','Akash','akash@email.com',9610018459);
insert into members(member_ID,member_name,Email,phone) values
('M00003','Siddharth','siddharth@email.com',9610015535);
insert into members(member_ID,member_name,Email,phone) values
('M00004','Sandeep','sandeep@email.com',9610012495);
insert into members(member_ID,member_name,Email,phone) values
('M00005','Raja','raja@email.com',9610012653);
insert into members(member_ID,member_name,Email,phone) values
('M00006','Nithin','nithin@email.com',9610019598);
insert into members(member_ID,member_name,Email,phone) values
('M00007','Zachery','zachery@email.com',9610016961);
insert into members(member_ID,member_name,Email,phone) values
('M00008','Zachary','zachary@email.com',9610019315);
insert into members(member_ID,member_name,Email,phone) values
('M00009','Zachariah','zachariah@email.com',9610013153);
insert into members(member_ID,member_name,Email,phone) values
('M00010','Yousuf','yousuf@email.com',9610015453);
insert into members(member_ID,member_name,Email,phone) values
('M00011','Yisi','yisi@email.com',9610016655);
insert into members(member_ID,member_name,Email,phone) values
('M00012','Xianxin','xianxin@email.com',9610012463);
insert into members(member_ID,member_name,Email,phone) values
('M00013','Warren','warren@email.com',9610014186);
insert into members(member_ID,member_name,Email,phone) values
('M00014','Vijay','vijay@email.com',9610019061);
insert into members(member_ID,member_name,Email,phone) values
('M00015','Victoria','victoria@email.com',9610014532);
insert into members(member_ID,member_name,Email,phone) values
('M00016','Turner','turner@email.com',9610018472);
insert into members(member_ID,member_name,Email,phone) values
('M00017','Tristan','tristan@email.com',9610013357);
insert into members(member_ID,member_name,Email,phone) values
('M00018','Trey','trey@email.com',9610016855);
insert into members(member_ID,member_name,Email,phone) values
('M00019','Traci','traci@email.com',9610014528);
insert into members(member_ID,member_name,Email,phone) values
('M00020','Tom','tom@email.com',9610014459);
insert into members(member_ID,member_name,Email,phone) values
('M00021','Ting','ting@email.com',9610018416);
insert into members(member_ID,member_name,Email,phone) values
('M00022','Timothy','timothy@email.com',9610012800);
insert into members(member_ID,member_name,Email,phone) values
('M00023','Theresa','theresa@email.com',9610016739);
insert into members(member_ID,member_name,Email,phone) values
('M00024','Theodora','theodora@email.com',9610013425);
insert into members(member_ID,member_name,Email,phone) values
('M00025','Tara','tara@email.com',9610017692);
insert into members(member_ID,member_name,Email,phone) values
('M00026','Tanner','tanner@email.com',9610019784);
insert into members(member_ID,member_name,Email,phone) values
('M00027','Sydney','sydney@email.com',9610012791);
insert into members(member_ID,member_name,Email,phone) values
('M00028','Stephen','stephen@email.com',9610013689);
insert into members(member_ID,member_name,Email,phone) values
('M00029','Spencer','spencer@email.com',9610019751);
insert into members(member_ID,member_name,Email,phone) values
('M00030','Skyler','skyler@email.com',9610013563);
insert into members(member_ID,member_name,Email,phone) values
('M00031','Sixiang','sixiang@email.com',9610013584);
insert into members(member_ID,member_name,Email,phone) values
('M00032','Shreyas','shreyas@email.com',9610011100);
insert into members(member_ID,member_name,Email,phone) values
('M00033','Shelby','shelby@email.com',9610016399);
insert into members(member_ID,member_name,Email,phone) values
('M00034','Shayne','shayne@email.com',9610015405);
insert into members(member_ID,member_name,Email,phone) values
('M00035','Shayla','shayla@email.com',9610017872);
insert into members(member_ID,member_name,Email,phone) values
('M00036','Sharidan','sharidan@email.com',9610018095);
insert into members(member_ID,member_name,Email,phone) values
('M00037','Sarah','sarah@email.com',9610019423);
insert into members(member_ID,member_name,Email,phone) values
('M00038','Sara','sara@email.com',9610011096);
insert into members(member_ID,member_name,Email,phone) values
('M00039','Samuel','samuel@email.com',9610016393);
insert into members(member_ID,member_name,Email,phone) values
('M00040','Samiullah','samiullah@email.com',9610014714);
insert into members(member_ID,member_name,Email,phone) values
('M00041','Samantha','samantha@email.com',9610012510);
insert into members(member_ID,member_name,Email,phone) values
('M00042','Sam','sam@email.com',9610017570);
insert into members(member_ID,member_name,Email,phone) values
('M00043','Ronald','ronald@email.com',9610014271);
insert into members(member_ID,member_name,Email,phone) values
('M00044','Robert','robert@email.com',9610013089);
insert into members(member_ID,member_name,Email,phone) values
('M00045','Risa','risa@email.com',9610019550);
insert into members(member_ID,member_name,Email,phone) values
('M00046','Rebecca','rebecca@email.com',9610018915);
insert into members(member_ID,member_name,Email,phone) values
('M00047','Raeann','raeann@email.com',9610014840);
insert into members(member_ID,member_name,Email,phone) values
('M00048','Rachel','rachel@email.com',9610011436);
insert into members(member_ID,member_name,Email,phone) values
('M00049','Quentin','quentin@email.com',9610012490);
insert into members(member_ID,member_name,Email,phone) values
('M00050','Qixin','qixin@email.com',9610011099);
insert into members(member_ID,member_name,Email,phone) values
('M00051','Premiere','premiere@email.com',9610014815);
insert into members(member_ID,member_name,Email,phone) values
('M00052','Precious-Edna','precious-edna@email.com',9610016970);
insert into members(member_ID,member_name,Email,phone) values
('M00053','Phoenix','phoenix@email.com',9610015952);
insert into members(member_ID,member_name,Email,phone) values
('M00054','Peter','peter@email.com',9610013505);
insert into members(member_ID,member_name,Email,phone) values
('M00055','Payton','payton@email.com',9610015881);
insert into members(member_ID,member_name,Email,phone) values
('M00056','Paige','paige@email.com',9610012523);
insert into members(member_ID,member_name,Email,phone) values
('M00057','Noe','noe@email.com',9610017522);
insert into members(member_ID,member_name,Email,phone) values
('M00058','Nicole','nicole@email.com',9610016193);
insert into members(member_ID,member_name,Email,phone) values
('M00059','Nickalas','nickalas@email.com',9610017711);
insert into members(member_ID,member_name,Email,phone) values
('M00060','Nicholas','nicholas@email.com',9610014588);
insert into members(member_ID,member_name,Email,phone) values
('M00061','Nathan','nathan@email.com',9610017735);
insert into members(member_ID,member_name,Email,phone) values
('M00062','Natasha','natasha@email.com',9610017160);
insert into members(member_ID,member_name,Email,phone) values
('M00063','Natalie','natalie@email.com',9610014357);
insert into members(member_ID,member_name,Email,phone) values
('M00064','Narasimha','narasimha@email.com',9610014570);
insert into members(member_ID,member_name,Email,phone) values
('M00065','Myles','myles@email.com',9610016475);
insert into members(member_ID,member_name,Email,phone) values
('M00066','Morgan','morgan@email.com',9610013771);
insert into members(member_ID,member_name,Email,phone) values
('M00067','Miranda','miranda@email.com',9610011109);
insert into members(member_ID,member_name,Email,phone) values
('M00068','Mikayla','mikayla@email.com',9610015231);
insert into members(member_ID,member_name,Email,phone) values
('M00069','Michael','michael@email.com',9610015465);
insert into members(member_ID,member_name,Email,phone) values
('M00070','Merry','merry@email.com',9610016166);
insert into members(member_ID,member_name,Email,phone) values
('M00071','Mercedes','mercedes@email.com',9610013010);
insert into members(member_ID,member_name,Email,phone) values
('M00072','Menghan','menghan@email.com',9610012142);
insert into members(member_ID,member_name,Email,phone) values
('M00073','Megan','megan@email.com',9610013120);
insert into members(member_ID,member_name,Email,phone) values
('M00074','Matthew','matthew@email.com',9610019057);
insert into members(member_ID,member_name,Email,phone) values
('M00075','Marie','marie@email.com',9610018433);
insert into members(member_ID,member_name,Email,phone) values
('M00076','Maria','maria@email.com',9610019097);
insert into members(member_ID,member_name,Email,phone) values
('M00077','Manami','manami@email.com',9610019769);
insert into members(member_ID,member_name,Email,phone) values
('M00078','Mamerto','mamerto@email.com',9610017909);
insert into members(member_ID,member_name,Email,phone) values
('M00079','Mallory','mallory@email.com',9610018786);
insert into members(member_ID,member_name,Email,phone) values
('M00080','Malik','malik@email.com',9610012867);
insert into members(member_ID,member_name,Email,phone) values
('M00081','Madison','madison@email.com',9610015039);
insert into members(member_ID,member_name,Email,phone) values
('M00082','Madina','madina@email.com',9610016672);
insert into members(member_ID,member_name,Email,phone) values
('M00083','Madeline','madeline@email.com',9610012785);
insert into members(member_ID,member_name,Email,phone) values
('M00084','Macy','macy@email.com',9610012768);
insert into members(member_ID,member_name,Email,phone) values
('M00085','Mackenzie','mackenzie@email.com',9610011217);
insert into members(member_ID,member_name,Email,phone) values
('M00086','Lyssa','lyssa@email.com',9610011628);
insert into members(member_ID,member_name,Email,phone) values
('M00087','Luke','luke@email.com',9610018273);
insert into members(member_ID,member_name,Email,phone) values
('M00088','Louis','louis@email.com',9610014427);
insert into members(member_ID,member_name,Email,phone) values
('M00089','Likitha','likitha@email.com',9610016567);
insert into members(member_ID,member_name,Email,phone) values
('M00090','Laura','laura@email.com',9610013221);
insert into members(member_ID,member_name,Email,phone) values
('M00091','Landon','landon@email.com',9610018322);
insert into members(member_ID,member_name,Email,phone) values
('M00092','Kyla','kyla@email.com',9610018804);
insert into members(member_ID,member_name,Email,phone) values
('M00093','Krystal','krystal@email.com',9610016558);
insert into members(member_ID,member_name,Email,phone) values
('M00094','Kori','kori@email.com',9610014949);
insert into members(member_ID,member_name,Email,phone) values
('M00095','Kingham','kingham@email.com',9610016094);
insert into members(member_ID,member_name,Email,phone) values
('M00096','Kimberly','kimberly@email.com',9610019103);
insert into members(member_ID,member_name,Email,phone) values
('M00097','Kevin','kevin@email.com',9610014817);
insert into members(member_ID,member_name,Email,phone) values
('M00098','Kelsie','kelsie@email.com',9610012326);
insert into members(member_ID,member_name,Email,phone) values
('M00099','Kelsey','kelsey@email.com',9610016031);
insert into members(member_ID,member_name,Email,phone) values
('M00100','Kaylee','kaylee@email.com',9610012676);
insert into members(member_ID,member_name,Email,phone) values
('M00101','Kayla','kayla@email.com',9610012450);
insert into members(member_ID,member_name,Email,phone) values
('M00102','Katherine','katherine@email.com',9610019186);
insert into members(member_ID,member_name,Email,phone) values
('M00103','Katharyn','katharyn@email.com',9610015965);
insert into members(member_ID,member_name,Email,phone) values
('M00104','Katelyn','katelyn@email.com',9610016500);
insert into members(member_ID,member_name,Email,phone) values
('M00105','Kasey','kasey@email.com',9610014161);
insert into members(member_ID,member_name,Email,phone) values
('M00106','Karrigan','karrigan@email.com',9610011297);
insert into members(member_ID,member_name,Email,phone) values
('M00107','Karlie','karlie@email.com',9610018090);
insert into members(member_ID,member_name,Email,phone) values
('M00108','Kaleigh','kaleigh@email.com',9610014568);
insert into members(member_ID,member_name,Email,phone) values
('M00109','Kaci','kaci@email.com',9610013977);
insert into members(member_ID,member_name,Email,phone) values
('M00110','Julia','julia@email.com',9610011657);
insert into members(member_ID,member_name,Email,phone) values
('M00111','Joshua','joshua@email.com',9610013558);
insert into members(member_ID,member_name,Email,phone) values
('M00112','Josephine','josephine@email.com',9610018834);
insert into members(member_ID,member_name,Email,phone) values
('M00113','Joseph','joseph@email.com',9610015022);
insert into members(member_ID,member_name,Email,phone) values
('M00114','Jorge','jorge@email.com',9610016236);
insert into members(member_ID,member_name,Email,phone) values
('M00115','Jordan','jordan@email.com',9610013139);
insert into members(member_ID,member_name,Email,phone) values
('M00116','John','john@email.com',9610013805);
insert into members(member_ID,member_name,Email,phone) values
('M00117','Jessica','jessica@email.com',9610017829);
insert into members(member_ID,member_name,Email,phone) values
('M00118','Jeron','jeron@email.com',9610017735);
insert into members(member_ID,member_name,Email,phone) values
('M00119','Jeremy','jeremy@email.com',9610015147);
insert into members(member_ID,member_name,Email,phone) values
('M00120','Jennifer','jennifer@email.com',9610013882);
insert into members(member_ID,member_name,Email,phone) values
('M00121','Jennica','jennica@email.com',9610015792);
insert into members(member_ID,member_name,Email,phone) values
('M00122','Jenna','jenna@email.com',9610016732);
insert into members(member_ID,member_name,Email,phone) values
('M00123','Jason','jason@email.com',9610013730);
insert into members(member_ID,member_name,Email,phone) values
('M00124','Jasmine','jasmine@email.com',9610019039);
insert into members(member_ID,member_name,Email,phone) values
('M00125','Jarelle','jarelle@email.com',9610014499);
insert into members(member_ID,member_name,Email,phone) values
('M00126','James','james@email.com',9610011380);
insert into members(member_ID,member_name,Email,phone) values
('M00127','Jahanzib','jahanzib@email.com',9610013013);
insert into members(member_ID,member_name,Email,phone) values
('M00128','Jaelyn','jaelyn@email.com',9610017802);
insert into members(member_ID,member_name,Email,phone) values
('M00129','Jacob','jacob@email.com',9610014918);
insert into members(member_ID,member_name,Email,phone) values
('M00130','Jacey','jacey@email.com',9610014096);
insert into members(member_ID,member_name,Email,phone) values
('M00131','Jace','jace@email.com',9610019855);
insert into members(member_ID,member_name,Email,phone) values
('M00132','Isiah','isiah@email.com',9610011701);
insert into members(member_ID,member_name,Email,phone) values
('M00133','Isaac','isaac@email.com',9610016778);
insert into members(member_ID,member_name,Email,phone) values
('M00134','Holden','holden@email.com',9610019996);
insert into members(member_ID,member_name,Email,phone) values
('M00135','Henry','henry@email.com',9610012217);
insert into members(member_ID,member_name,Email,phone) values
('M00136','Heather','heather@email.com',9610018340);
insert into members(member_ID,member_name,Email,phone) values
('M00137','Haotian','haotian@email.com',9610018544);
insert into members(member_ID,member_name,Email,phone) values
('M00138','Hansaka','hansaka@email.com',9610016930);
insert into members(member_ID,member_name,Email,phone) values
('M00139','Hannah','hannah@email.com',9610018962);
insert into members(member_ID,member_name,Email,phone) values
('M00140','Haley','haley@email.com',9610015621);
insert into members(member_ID,member_name,Email,phone) values
('M00141','Gerald','gerald@email.com',9610014152);
insert into members(member_ID,member_name,Email,phone) values
('M00142','Gabriela','gabriela@email.com',9610019515);
insert into members(member_ID,member_name,Email,phone) values
('M00143','Fua','fua@email.com',9610013129);
insert into members(member_ID,member_name,Email,phone) values
('M00144','Francisco','francisco@email.com',9610012269);
insert into members(member_ID,member_name,Email,phone) values
('M00145','Fawaz','fawaz@email.com',9610012760);
insert into members(member_ID,member_name,Email,phone) values
('M00146','Faith','faith@email.com',9610016510);
insert into members(member_ID,member_name,Email,phone) values
('M00147','Evette','evette@email.com',9610012432);
insert into members(member_ID,member_name,Email,phone) values
('M00148','Ethan','ethan@email.com',9610012486);
insert into members(member_ID,member_name,Email,phone) values
('M00149','Emma','emma@email.com',9610015201);
insert into members(member_ID,member_name,Email,phone) values
('M00150','Emily','emily@email.com',9610011800);
insert into members(member_ID,member_name,Email,phone) values
('M00151','Emilio','emilio@email.com',9610019080);
insert into members(member_ID,member_name,Email,phone) values
('M00152','Elson','elson@email.com',9610011978);
insert into members(member_ID,member_name,Email,phone) values
('M00153','Elizabeth','elizabeth@email.com',9610012447);
insert into members(member_ID,member_name,Email,phone) values
('M00154','Elijah','elijah@email.com',9610013687);
insert into members(member_ID,member_name,Email,phone) values
('M00155','Dustin','dustin@email.com',9610018521);
insert into members(member_ID,member_name,Email,phone) values
('M00156','Donovan','donovan@email.com',9610011280);
insert into members(member_ID,member_name,Email,phone) values
('M00157','Disha','disha@email.com',9610012591);
insert into members(member_ID,member_name,Email,phone) values
('M00158','Dillon','dillon@email.com',9610015747);
insert into members(member_ID,member_name,Email,phone) values
('M00159','DeShonna','deshonna@email.com',9610019672);
insert into members(member_ID,member_name,Email,phone) values
('M00160','Derril','derril@email.com',9610012424);
insert into members(member_ID,member_name,Email,phone) values
('M00161','Denis','denis@email.com',9610015073);
insert into members(member_ID,member_name,Email,phone) values
('M00162','Debarshi','debarshi@email.com',9610016352);
insert into members(member_ID,member_name,Email,phone) values
('M00163','DeAngelena','deangelena@email.com',9610011680);
insert into members(member_ID,member_name,Email,phone) values
('M00164','David','david@email.com',9610016900);
insert into members(member_ID,member_name,Email,phone) values
('M00165','Daniel','daniel@email.com',9610015011);
insert into members(member_ID,member_name,Email,phone) values
('M00166','Damilola','damilola@email.com',9610017393);
insert into members(member_ID,member_name,Email,phone) values
('M00167','Dakota','dakota@email.com',9610013436);
insert into members(member_ID,member_name,Email,phone) values
('M00168','Corben','corben@email.com',9610011630);
insert into members(member_ID,member_name,Email,phone) values
('M00169','Connor','connor@email.com',9610016982);
insert into members(member_ID,member_name,Email,phone) values
('M00170','Cole','cole@email.com',9610012821);
insert into members(member_ID,member_name,Email,phone) values
('M00171','Cierra','cierra@email.com',9610014541);
insert into members(member_ID,member_name,Email,phone) values
('M00172','Christopher','christopher@email.com',9610013303);
insert into members(member_ID,member_name,Email,phone) values
('M00173','Christine','christine@email.com',9610015690);
insert into members(member_ID,member_name,Email,phone) values
('M00174','Christina','christina@email.com',9610013743);
insert into members(member_ID,member_name,Email,phone) values
('M00175','Chelsey','chelsey@email.com',9610014030);
insert into members(member_ID,member_name,Email,phone) values
('M00176','Chelsea','chelsea@email.com',9610018286);
insert into members(member_ID,member_name,Email,phone) values
('M00177','Cecilia','cecilia@email.com',9610012188);
insert into members(member_ID,member_name,Email,phone) values
('M00178','Catherine','catherine@email.com',9610018699);
insert into members(member_ID,member_name,Email,phone) values
('M00179','Cassandra','cassandra@email.com',9610014916);
insert into members(member_ID,member_name,Email,phone) values
('M00180','Caleb','caleb@email.com',9610012793);
insert into members(member_ID,member_name,Email,phone) values
('M00181','Brylie','brylie@email.com',9610019359);
insert into members(member_ID,member_name,Email,phone) values
('M00182','Brooklyn','brooklyn@email.com',9610019356);
insert into members(member_ID,member_name,Email,phone) values
('M00183','Brooke','brooke@email.com',9610013040);
insert into members(member_ID,member_name,Email,phone) values
('M00184','Brittany','brittany@email.com',9610014780);
insert into members(member_ID,member_name,Email,phone) values
('M00185','Bricelis','bricelis@email.com',9610014741);
insert into members(member_ID,member_name,Email,phone) values
('M00186','Brian','brian@email.com',9610011676);
insert into members(member_ID,member_name,Email,phone) values
('M00187','Brenda','brenda@email.com',9610019720);
insert into members(member_ID,member_name,Email,phone) values
('M00188','Brandon','brandon@email.com',9610013639);
insert into members(member_ID,member_name,Email,phone) values
('M00189','Brady','brady@email.com',9610014442);
insert into members(member_ID,member_name,Email,phone) values
('M00190','Brad','brad@email.com',9610013417);
insert into members(member_ID,member_name,Email,phone) values
('M00191','Bethany','bethany@email.com',9610014257);
insert into members(member_ID,member_name,Email,phone) values
('M00192','Benton','benton@email.com',9610016793);
insert into members(member_ID,member_name,Email,phone) values
('M00193','Benjamin','benjamin@email.com',9610016411);
insert into members(member_ID,member_name,Email,phone) values
('M00194','Artem','artem@email.com',9610016536);
insert into members(member_ID,member_name,Email,phone) values
('M00195','Anran','anran@email.com',9610018359);
insert into members(member_ID,member_name,Email,phone) values
('M00196','Angelica','angelica@email.com',9610012980);
insert into members(member_ID,member_name,Email,phone) values
('M00197','Andrew','andrew@email.com',9610016577);
insert into members(member_ID,member_name,Email,phone) values
('M00198','Ana','ana@email.com',9610013316);
insert into members(member_ID,member_name,Email,phone) values
('M00199','Amanda','amanda@email.com',9610014389);
insert into members(member_ID,member_name,Email,phone) values
('M00200','Alyssa','alyssa@email.com',9610011682);
insert into members(member_ID,member_name,Email,phone) values
('M00201','Alvin','alvin@email.com',9610019792);
insert into members(member_ID,member_name,Email,phone) values
('M00202','Allison','allison@email.com',9610012568);
insert into members(member_ID,member_name,Email,phone) values
('M00203','Allicia','allicia@email.com',9610016400);
insert into members(member_ID,member_name,Email,phone) values
('M00204','Allan','allan@email.com',9610019701);
insert into members(member_ID,member_name,Email,phone) values
('M00205','Alice','alice@email.com',9610015081);
insert into members(member_ID,member_name,Email,phone) values
('M00206','Alexia','alexia@email.com',9610018516);
insert into members(member_ID,member_name,Email,phone) values
('M00207','Alexandria','alexandria@email.com',9610015983);
insert into members(member_ID,member_name,Email,phone) values
('M00208','Alan','alan@email.com',9610013374);
insert into members(member_ID,member_name,Email,phone) values
('M00209','Adrianna','adrianna@email.com',9610013260);
insert into members(member_ID,member_name,Email,phone) values
('M00210','Adam','adam@email.com',9610017121);
insert into members(member_ID,member_name,Email,phone) values
('M00211','Abby','abby@email.com',9610012270);
insert into members(member_ID,member_name,Email,phone) values
('M00212','Abbigayle','abbigayle@email.com',9610016099);
insert into members(member_ID,member_name,Email,phone) values
('M00213','Aaron','aaron@email.com',9610019153);

/*Groups table*/
insert into groups(group_id,group_name) values('G00001','weekend trip');
insert into groups(group_id,group_name) values('G00002','college trip');
insert into groups(group_id,group_name) values('G00003','breakfast');
insert into groups(group_id,group_name) values('G00004','annual lunch');
insert into groups(group_id,group_name) values('G00005','study tour');
insert into groups(group_id,group_name) values('G00006','grocery bill');
insert into groups(group_id,group_name) values('G00007','wall mart grocery bill');
insert into groups(group_id,group_name) values('G00008','basket ball game');
insert into groups(group_id,group_name) values('G00009','football game');
insert into groups(group_id,group_name) values('G00010','Wichita trip');
insert into groups(group_id,group_name) values('G00011','Kansas city trip');
insert into groups(group_id,group_name) values('G00012','Grand canon');
insert into groups(group_id,group_name) values('G00013','NYC');
insert into groups(group_id,group_name) values('G00014','France');
insert into groups(group_id,group_name) values('G00015','Software purchases');
insert into groups(group_id,group_name) values('G00016','car Fuel');
insert into groups(group_id,group_name) values('G00017','Wedding gift');
insert into groups(group_id,group_name) values('G00018','Donation for Health cause');
insert into groups(group_id,group_name) values('G00019','Car purchase');
insert into groups(group_id,group_name) values('G00020','Hospital bill');

/*Member_groups table*/
insert into member_groups(member_group_id,group_id,member_id,member_value) values('MG000001','G00001','M00001',1);
insert into member_groups(member_group_id,group_id,member_id,member_value) values('MG000002','G00001','M00002',2);
insert into member_groups(member_group_id,group_id,member_id,member_value) values('MG000003','G00001','M00003',4);
insert into member_groups(member_group_id,group_id,member_id,member_value) values('MG000004','G00002','M00004',1);
insert into member_groups(member_group_id,group_id,member_id,member_value) values('MG000005','G00002','M00005',2);
insert into member_groups(member_group_id,group_id,member_id,member_value) values('MG000006','G00002','M00006',4);
insert into member_groups(member_group_id,group_id,member_id,member_value) values('MG000007','G00002','M00007',8);
insert into member_groups(member_group_id,group_id,member_id,member_value) values('MG000008','G00002','M00008',16);
insert into member_groups(member_group_id,group_id,member_id,member_value) values('MG000009','G00003','M00009',1);
insert into member_groups(member_group_id,group_id,member_id,member_value) values('MG000010','G00003','M00010',2);
insert into member_groups(member_group_id,group_id,member_id,member_value) values('MG000011','G00003','M00011',4);
insert into member_groups(member_group_id,group_id,member_id,member_value) values('MG000012','G00003','M00012',8);
insert into member_groups(member_group_id,group_id,member_id,member_value) values('MG000013','G00003','M00013',16);
insert into member_groups(member_group_id,group_id,member_id,member_value) values('MG000014','G00004','M00014',1);
insert into member_groups(member_group_id,group_id,member_id,member_value) values('MG000015','G00004','M00015',2);
insert into member_groups(member_group_id,group_id,member_id,member_value) values('MG000016','G00004','M00016',4);
insert into member_groups(member_group_id,group_id,member_id,member_value) values('MG000017','G00004','M00017',8);
insert into member_groups(member_group_id,group_id,member_id,member_value) values('MG000018','G00004','M00018',16);
insert into member_groups(member_group_id,group_id,member_id,member_value) values('MG000019','G00004','M00019',32);
insert into member_groups(member_group_id,group_id,member_id,member_value) values('MG000020','G00005','M00020',1);
insert into member_groups(member_group_id,group_id,member_id,member_value) values('MG000021','G00005','M00021',2);
insert into member_groups(member_group_id,group_id,member_id,member_value) values('MG000022','G00005','M00022',4);
insert into member_groups(member_group_id,group_id,member_id,member_value) values('MG000023','G00005','M00023',8);
insert into member_groups(member_group_id,group_id,member_id,member_value) values('MG000024','G00005','M00024',16);
insert into member_groups(member_group_id,group_id,member_id,member_value) values('MG000025','G00005','M00025',32);
insert into member_groups(member_group_id,group_id,member_id,member_value) values('MG000026','G00005','M00026',64);
insert into member_groups(member_group_id,group_id,member_id,member_value) values('MG000027','G00005','M00027',128);
insert into member_groups(member_group_id,group_id,member_id,member_value) values('MG000028','G00006','M00028',1);
insert into member_groups(member_group_id,group_id,member_id,member_value) values('MG000029','G00006','M00029',2);
insert into member_groups(member_group_id,group_id,member_id,member_value) values('MG000030','G00006','M00030',4);
insert into member_groups(member_group_id,group_id,member_id,member_value) values('MG000031','G00006','M00031',8);
insert into member_groups(member_group_id,group_id,member_id,member_value) values('MG000032','G00006','M00032',16);
insert into member_groups(member_group_id,group_id,member_id,member_value) values('MG000033','G00006','M00033',32);
insert into member_groups(member_group_id,group_id,member_id,member_value) values('MG000034','G00006','M00034',64);
insert into member_groups(member_group_id,group_id,member_id,member_value) values('MG000035','G00007','M00035',1);
insert into member_groups(member_group_id,group_id,member_id,member_value) values('MG000036','G00007','M00036',2);
insert into member_groups(member_group_id,group_id,member_id,member_value) values('MG000037','G00008','M00037',1);
insert into member_groups(member_group_id,group_id,member_id,member_value) values('MG000038','G00008','M00038',2);
insert into member_groups(member_group_id,group_id,member_id,member_value) values('MG000039','G00008','M00039',4);
insert into member_groups(member_group_id,group_id,member_id,member_value) values('MG000040','G00008','M00040',8);
insert into member_groups(member_group_id,group_id,member_id,member_value) values('MG000041','G00008','M00041',16);
insert into member_groups(member_group_id,group_id,member_id,member_value) values('MG000042','G00008','M00042',32);
insert into member_groups(member_group_id,group_id,member_id,member_value) values('MG000043','G00009','M00043',1);
insert into member_groups(member_group_id,group_id,member_id,member_value) values('MG000044','G00009','M00044',2);
insert into member_groups(member_group_id,group_id,member_id,member_value) values('MG000045','G00009','M00045',4);
insert into member_groups(member_group_id,group_id,member_id,member_value) values('MG000046','G00009','M00046',8);
insert into member_groups(member_group_id,group_id,member_id,member_value) values('MG000047','G00009','M00047',16);
insert into member_groups(member_group_id,group_id,member_id,member_value) values('MG000048','G00009','M00048',32);
insert into member_groups(member_group_id,group_id,member_id,member_value) values('MG000049','G00009','M00049',64);
insert into member_groups(member_group_id,group_id,member_id,member_value) values('MG000050','G00009','M00050',128);
insert into member_groups(member_group_id,group_id,member_id,member_value) values('MG000051','G00009','M00051',256);
insert into member_groups(member_group_id,group_id,member_id,member_value) values('MG000052','G00009','M00052',512);
insert into member_groups(member_group_id,group_id,member_id,member_value) values('MG000053','G00009','M00053',1024);
insert into member_groups(member_group_id,group_id,member_id,member_value) values('MG000054','G00009','M00054',2048);
insert into member_groups(member_group_id,group_id,member_id,member_value) values('MG000055','G00009','M00055',4096);
insert into member_groups(member_group_id,group_id,member_id,member_value) values('MG000056','G00009','M00056',8192);
insert into member_groups(member_group_id,group_id,member_id,member_value) values('MG000057','G00009','M00057',16384);
insert into member_groups(member_group_id,group_id,member_id,member_value) values('MG000058','G00010','M00058',1);
insert into member_groups(member_group_id,group_id,member_id,member_value) values('MG000059','G00010','M00059',2);
insert into member_groups(member_group_id,group_id,member_id,member_value) values('MG000060','G00010','M00060',4);
insert into member_groups(member_group_id,group_id,member_id,member_value) values('MG000061','G00010','M00061',8);
insert into member_groups(member_group_id,group_id,member_id,member_value) values('MG000062','G00010','M00062',16);
insert into member_groups(member_group_id,group_id,member_id,member_value) values('MG000063','G00010','M00063',32);
insert into member_groups(member_group_id,group_id,member_id,member_value) values('MG000064','G00010','M00064',64);
insert into member_groups(member_group_id,group_id,member_id,member_value) values('MG000065','G00010','M00065',128);
insert into member_groups(member_group_id,group_id,member_id,member_value) values('MG000066','G00011','M00066',1);
insert into member_groups(member_group_id,group_id,member_id,member_value) values('MG000067','G00011','M00067',2);
insert into member_groups(member_group_id,group_id,member_id,member_value) values('MG000068','G00011','M00068',4);
insert into member_groups(member_group_id,group_id,member_id,member_value) values('MG000069','G00011','M00069',8);
insert into member_groups(member_group_id,group_id,member_id,member_value) values('MG000070','G00011','M00070',16);
insert into member_groups(member_group_id,group_id,member_id,member_value) values('MG000071','G00011','M00071',32);
insert into member_groups(member_group_id,group_id,member_id,member_value) values('MG000072','G00012','M00072',1);
insert into member_groups(member_group_id,group_id,member_id,member_value) values('MG000073','G00012','M00073',2);
insert into member_groups(member_group_id,group_id,member_id,member_value) values('MG000074','G00012','M00074',4);
insert into member_groups(member_group_id,group_id,member_id,member_value) values('MG000075','G00012','M00075',8);
insert into member_groups(member_group_id,group_id,member_id,member_value) values('MG000076','G00012','M00076',16);
insert into member_groups(member_group_id,group_id,member_id,member_value) values('MG000077','G00012','M00077',32);
insert into member_groups(member_group_id,group_id,member_id,member_value) values('MG000078','G00012','M00078',64);
insert into member_groups(member_group_id,group_id,member_id,member_value) values('MG000079','G00012','M00079',128);
insert into member_groups(member_group_id,group_id,member_id,member_value) values('MG000080','G00012','M00080',256);
insert into member_groups(member_group_id,group_id,member_id,member_value) values('MG000081','G00012','M00081',512);
insert into member_groups(member_group_id,group_id,member_id,member_value) values('MG000082','G00012','M00082',1024);
insert into member_groups(member_group_id,group_id,member_id,member_value) values('MG000083','G00012','M00083',2048);
insert into member_groups(member_group_id,group_id,member_id,member_value) values('MG000084','G00013','M00084',1);
insert into member_groups(member_group_id,group_id,member_id,member_value) values('MG000085','G00013','M00085',2);
insert into member_groups(member_group_id,group_id,member_id,member_value) values('MG000086','G00013','M00086',4);
insert into member_groups(member_group_id,group_id,member_id,member_value) values('MG000087','G00013','M00087',8);
insert into member_groups(member_group_id,group_id,member_id,member_value) values('MG000088','G00013','M00088',16);
insert into member_groups(member_group_id,group_id,member_id,member_value) values('MG000089','G00013','M00089',32);
insert into member_groups(member_group_id,group_id,member_id,member_value) values('MG000090','G00014','M00090',1);
insert into member_groups(member_group_id,group_id,member_id,member_value) values('MG000091','G00014','M00091',2);
insert into member_groups(member_group_id,group_id,member_id,member_value) values('MG000092','G00014','M00092',4);
insert into member_groups(member_group_id,group_id,member_id,member_value) values('MG000093','G00014','M00093',8);
insert into member_groups(member_group_id,group_id,member_id,member_value) values('MG000094','G00014','M00094',16);
insert into member_groups(member_group_id,group_id,member_id,member_value) values('MG000095','G00014','M00095',32);
insert into member_groups(member_group_id,group_id,member_id,member_value) values('MG000096','G00014','M00096',64);
insert into member_groups(member_group_id,group_id,member_id,member_value) values('MG000097','G00014','M00097',128);
insert into member_groups(member_group_id,group_id,member_id,member_value) values('MG000098','G00015','M00098',1);
insert into member_groups(member_group_id,group_id,member_id,member_value) values('MG000099','G00015','M00099',2);
insert into member_groups(member_group_id,group_id,member_id,member_value) values('MG000100','G00015','M00100',4);
insert into member_groups(member_group_id,group_id,member_id,member_value) values('MG000101','G00015','M00101',8);
insert into member_groups(member_group_id,group_id,member_id,member_value) values('MG000102','G00015','M00102',16);
insert into member_groups(member_group_id,group_id,member_id,member_value) values('MG000103','G00015','M00103',32);
insert into member_groups(member_group_id,group_id,member_id,member_value) values('MG000104','G00015','M00104',64);
insert into member_groups(member_group_id,group_id,member_id,member_value) values('MG000105','G00015','M00105',128);
insert into member_groups(member_group_id,group_id,member_id,member_value) values('MG000106','G00015','M00106',256);
insert into member_groups(member_group_id,group_id,member_id,member_value) values('MG000107','G00015','M00107',512);
insert into member_groups(member_group_id,group_id,member_id,member_value) values('MG000108','G00015','M00108',1024);
insert into member_groups(member_group_id,group_id,member_id,member_value) values('MG000109','G00015','M00109',2048);
insert into member_groups(member_group_id,group_id,member_id,member_value) values('MG000110','G00015','M00110',4096);
insert into member_groups(member_group_id,group_id,member_id,member_value) values('MG000111','G00016','M00111',1);
insert into member_groups(member_group_id,group_id,member_id,member_value) values('MG000112','G00016','M00112',2);
insert into member_groups(member_group_id,group_id,member_id,member_value) values('MG000113','G00016','M00113',4);
insert into member_groups(member_group_id,group_id,member_id,member_value) values('MG000114','G00016','M00114',8);
insert into member_groups(member_group_id,group_id,member_id,member_value) values('MG000115','G00016','M00115',16);
insert into member_groups(member_group_id,group_id,member_id,member_value) values('MG000116','G00016','M00116',32);
insert into member_groups(member_group_id,group_id,member_id,member_value) values('MG000117','G00017','M00117',1);
insert into member_groups(member_group_id,group_id,member_id,member_value) values('MG000118','G00017','M00118',2);
insert into member_groups(member_group_id,group_id,member_id,member_value) values('MG000119','G00017','M00119',4);
insert into member_groups(member_group_id,group_id,member_id,member_value) values('MG000120','G00017','M00120',8);
insert into member_groups(member_group_id,group_id,member_id,member_value) values('MG000121','G00017','M00121',16);
insert into member_groups(member_group_id,group_id,member_id,member_value) values('MG000122','G00017','M00122',32);
insert into member_groups(member_group_id,group_id,member_id,member_value) values('MG000123','G00017','M00123',64);
insert into member_groups(member_group_id,group_id,member_id,member_value) values('MG000124','G00017','M00124',128);
insert into member_groups(member_group_id,group_id,member_id,member_value) values('MG000125','G00018','M00125',1);
insert into member_groups(member_group_id,group_id,member_id,member_value) values('MG000126','G00018','M00126',2);
insert into member_groups(member_group_id,group_id,member_id,member_value) values('MG000127','G00019','M00127',1);
insert into member_groups(member_group_id,group_id,member_id,member_value) values('MG000128','G00019','M00128',2);
insert into member_groups(member_group_id,group_id,member_id,member_value) values('MG000129','G00019','M00129',4);
insert into member_groups(member_group_id,group_id,member_id,member_value) values('MG000130','G00020','M00130',1);

/*Expenses*/
insert into expenses(transaction_id,group_id,item,cost,expenses_shared_with) values('T00001','G00001','toll',5,7);
insert into expenses(transaction_id,group_id,item,cost,expenses_shared_with) values('T00002','G00001','petrol',50,7);
insert into expenses(transaction_id,group_id,item,cost,expenses_shared_with) values('T00003','G00001','lodge',40,7);
insert into expenses(transaction_id,group_id,item,cost,expenses_shared_with) values('T00004','G00001','water',3,3);
insert into expenses(transaction_id,group_id,item,cost,expenses_shared_with) values('T00005','G00001','tea',10,1);
insert into expenses(transaction_id,group_id,item,cost,expenses_shared_with) values('T00006','G00001','breakfast ',22,3);
insert into expenses(transaction_id,group_id,item,cost,expenses_shared_with) values('T00007','G00001','snacks',40,7);
insert into expenses(transaction_id,group_id,item,cost,expenses_shared_with) values('T00008','G00001','fruits',35,3);
insert into expenses(transaction_id,group_id,item,cost,expenses_shared_with) values('T00009','G00001','water ',6,7);
insert into expenses(transaction_id,group_id,item,cost,expenses_shared_with) values('T00010','G00001','temple ticket',7,4);
insert into expenses(transaction_id,group_id,item,cost,expenses_shared_with) values('T00011','G00001','lunch ',20,7);
insert into expenses(transaction_id,group_id,item,cost,expenses_shared_with) values('T00012','G00001','dinner ',31,7);
insert into expenses(transaction_id,group_id,item,cost,expenses_shared_with) values('T00013','G00001','cd',9,7);
insert into expenses(transaction_id,group_id,item,cost,expenses_shared_with) values('T00014','G00001','water ',6,7);
insert into expenses(transaction_id,group_id,item,cost,expenses_shared_with) values('T00015','G00001','toll',5,7);
insert into expenses(transaction_id,group_id,item,cost,expenses_shared_with) values('T00016','G00001','breakfast ',23,7);
insert into expenses(transaction_id,group_id,item,cost,expenses_shared_with) values('T00017','G00001','petrol',50,7);
insert into expenses(transaction_id,group_id,item,cost,expenses_shared_with) values('T00018','G00001','entry ticket',9,3);
insert into expenses(transaction_id,group_id,item,cost,expenses_shared_with) values('T00019','G00001','room',100,7);
insert into expenses(transaction_id,group_id,item,cost,expenses_shared_with) values('T00020','G00001','dinner',15,3);
insert into expenses(transaction_id,group_id,item,cost,expenses_shared_with) values('T00021','G00001','petrol',30,7);
insert into expenses(transaction_id,group_id,item,cost,expenses_shared_with) values('T00022','G00001','petrol',30,7);
insert into expenses(transaction_id,group_id,item,cost,expenses_shared_with) values('T00023','G00001','tea',9,1);
insert into expenses(transaction_id,group_id,item,cost,expenses_shared_with) values('T00024','G00001','Vechile rent',380,7);

//lists
insert into lists(list_id,group_id,list,status) values('L00001','G00006','Clean the kitchen',0);
insert into lists(list_id,group_id,list,status) values('L00002','G00006','Bring Grocery',0);
insert into lists(list_id,group_id,list,status) values('L00003','G00006','Repair the door knob',0);
insert into lists(list_id,group_id,list,status) values('L00004','G00006','Pay the internet bill',0);
insert into lists(list_id,group_id,list,status) values('L00005','G00002','Fill the fuel',0);
insert into lists(list_id,group_id,list,status) values('L00006','G00002','Renew the insurance',0);
insert into lists(list_id,group_id,list,status) values('L00007','G00003','Send tax returns mail',0);
insert into lists(list_id,group_id,list,status) values('L00008','G00004','Purchase toaster',0);
insert into lists(list_id,group_id,list,status) values('L00009','G00004','Purchase vaccum cleaner',0);
insert into lists(list_id,group_id,list,status) values('L00010','G00005','Book ticket',0);
insert into lists(list_id,group_id,list,status) values('L00011','G00005','Reserve hotel',0);
insert into lists(list_id,group_id,list,status) values('L00012','G00005','Buy roaming phone plan',0);

//notes

